<?xml version="1.0" encoding="UTF-8"?><record_update sys_domain="global" table="m2m_app_config_theme">
    <m2m_app_config_theme action="INSERT_OR_UPDATE">
        <applicability/>
        <order>0</order>
        <sys_class_name>m2m_app_config_theme</sys_class_name>
        <sys_created_by>admin</sys_created_by>
        <sys_created_on>2021-10-01 19:41:29</sys_created_on>
        <sys_domain>global</sys_domain>
        <sys_domain_path>/</sys_domain_path>
        <sys_id>c1202e3f88363010a3163bb8c1ef74c0</sys_id>
        <sys_mod_count>0</sys_mod_count>
        <sys_name/>
        <sys_overrides/>
        <sys_package display_value="Dept Request" source="x_535856_dept_re_0">9cf99af787363010b05b20af8bbb358d</sys_package>
        <sys_policy/>
        <sys_scope display_value="Dept Request">9cf99af787363010b05b20af8bbb358d</sys_scope>
        <sys_update_name>m2m_app_config_theme_c1202e3f88363010a3163bb8c1ef74c0</sys_update_name>
        <sys_updated_by>admin</sys_updated_by>
        <sys_updated_on>2021-10-01 19:41:29</sys_updated_on>
        <theme display_value="Starter Workspace Theme">cd202e3f923630101cdf0f4671fc46c0</theme>
        <ux_app_configuration display_value="Dept Request Config">05202e3f02363010ca9a97599140bec0</ux_app_configuration>
    </m2m_app_config_theme>
</record_update>
