<?xml version="1.0" encoding="UTF-8"?><record_update table="sc_cat_item_catalog">
    <sc_cat_item_catalog action="INSERT_OR_UPDATE">
        <sc_cat_item display_value="Departmental request">a250627f87363010b05b20af8bbb3545</sc_cat_item>
        <sc_catalog display_value="Service Catalog">e0d08b13c3330100c8b837659bba8fb4</sc_catalog>
        <sys_class_name>sc_cat_item_catalog</sys_class_name>
        <sys_created_by>admin</sys_created_by>
        <sys_created_on>2021-10-01 19:45:47</sys_created_on>
        <sys_id>9821ae7f87363010b05b20af8bbb3515</sys_id>
        <sys_mod_count>0</sys_mod_count>
        <sys_name>Service Catalog.Departmental request</sys_name>
        <sys_package display_value="Dept Request" source="x_535856_dept_re_0">9cf99af787363010b05b20af8bbb358d</sys_package>
        <sys_policy/>
        <sys_scope display_value="Dept Request">9cf99af787363010b05b20af8bbb358d</sys_scope>
        <sys_update_name>sc_cat_item_catalog_9821ae7f87363010b05b20af8bbb3515</sys_update_name>
        <sys_updated_by>admin</sys_updated_by>
        <sys_updated_on>2021-10-01 19:45:47</sys_updated_on>
    </sc_cat_item_catalog>
</record_update>
