<?xml version="1.0" encoding="UTF-8"?><record_update table="sc_cat_item_category">
    <sc_cat_item_category action="INSERT_OR_UPDATE">
        <sc_cat_item display_value="Departmental request">a250627f87363010b05b20af8bbb3545</sc_cat_item>
        <sc_category display_value="Can We Help You?">e15706fc0a0a0aa7007fc21e1ab70c2f</sc_category>
        <sys_class_name>sc_cat_item_category</sys_class_name>
        <sys_created_by>admin</sys_created_by>
        <sys_created_on>2021-10-01 19:45:47</sys_created_on>
        <sys_id>d421ae7f87363010b05b20af8bbb351c</sys_id>
        <sys_mod_count>0</sys_mod_count>
        <sys_name>Can We Help You?.Departmental request</sys_name>
        <sys_package display_value="Dept Request" source="x_535856_dept_re_0">9cf99af787363010b05b20af8bbb358d</sys_package>
        <sys_policy/>
        <sys_scope display_value="Dept Request">9cf99af787363010b05b20af8bbb358d</sys_scope>
        <sys_update_name>sc_cat_item_category_d421ae7f87363010b05b20af8bbb351c</sys_update_name>
        <sys_updated_by>admin</sys_updated_by>
        <sys_updated_on>2021-10-01 19:45:47</sys_updated_on>
    </sc_cat_item_category>
</record_update>
