<?xml version="1.0" encoding="UTF-8"?><record_update sys_domain="global" table="sys_ux_list_category">
    <sys_ux_list_category action="INSERT_OR_UPDATE">
        <active>true</active>
        <configuration display_value="Dept Request_menu_config">a1206e3f87363010b05b20af8bbb3506</configuration>
        <description/>
        <order>100</order>
        <sys_class_name>sys_ux_list_category</sys_class_name>
        <sys_created_by>admin</sys_created_by>
        <sys_created_on>2021-10-01 19:41:30</sys_created_on>
        <sys_domain>global</sys_domain>
        <sys_domain_path>/</sys_domain_path>
        <sys_id>e1206e3f87363010b05b20af8bbb3508</sys_id>
        <sys_mod_count>0</sys_mod_count>
        <sys_name>Request</sys_name>
        <sys_overrides/>
        <sys_package display_value="Dept Request" source="x_535856_dept_re_0">9cf99af787363010b05b20af8bbb358d</sys_package>
        <sys_policy/>
        <sys_scope display_value="Dept Request">9cf99af787363010b05b20af8bbb358d</sys_scope>
        <sys_update_name>sys_ux_list_category_e1206e3f87363010b05b20af8bbb3508</sys_update_name>
        <sys_updated_by>admin</sys_updated_by>
        <sys_updated_on>2021-10-01 19:41:30</sys_updated_on>
        <title>Request</title>
    </sys_ux_list_category>
</record_update>
