<?xml version="1.0" encoding="UTF-8"?><record_update>
    <sys_ui_section caption="" section_id="416bd23b87363010b05b20af8bbb3526" sys_domain="global" table="x_535856_dept_re_0_request" version="3" view="">
        <sys_ui_element action="INSERT_OR_UPDATE">
            <element>number</element>
            <position>0</position>
            <sys_created_by>admin</sys_created_by>
            <sys_created_on>2021-10-01 19:21:43</sys_created_on>
            <sys_id>e79b167b87363010b05b20af8bbb3533</sys_id>
            <sys_mod_count>0</sys_mod_count>
            <sys_ui_formatter/>
            <sys_ui_section caption="NULL" display_value="" name="x_535856_dept_re_0_request" sys_domain="global" view="Default view">416bd23b87363010b05b20af8bbb3526</sys_ui_section>
            <sys_updated_by>admin</sys_updated_by>
            <sys_updated_on>2021-10-01 19:21:43</sys_updated_on>
            <sys_user/>
            <type/>
        </sys_ui_element>
        <sys_ui_element action="INSERT_OR_UPDATE">
            <element>type</element>
            <position>1</position>
            <sys_created_by>admin</sys_created_by>
            <sys_created_on>2021-10-01 19:21:43</sys_created_on>
            <sys_id>6b9b167b87363010b05b20af8bbb3533</sys_id>
            <sys_mod_count>0</sys_mod_count>
            <sys_ui_formatter/>
            <sys_ui_section caption="NULL" display_value="" name="x_535856_dept_re_0_request" sys_domain="global" view="Default view">416bd23b87363010b05b20af8bbb3526</sys_ui_section>
            <sys_updated_by>admin</sys_updated_by>
            <sys_updated_on>2021-10-01 19:21:43</sys_updated_on>
            <sys_user/>
            <type/>
        </sys_ui_element>
        <sys_ui_element action="INSERT_OR_UPDATE">
            <element>priority</element>
            <position>2</position>
            <sys_created_by>admin</sys_created_by>
            <sys_created_on>2021-10-01 19:21:43</sys_created_on>
            <sys_id>eb9b167b87363010b05b20af8bbb3533</sys_id>
            <sys_mod_count>0</sys_mod_count>
            <sys_ui_formatter/>
            <sys_ui_section caption="NULL" display_value="" name="x_535856_dept_re_0_request" sys_domain="global" view="Default view">416bd23b87363010b05b20af8bbb3526</sys_ui_section>
            <sys_updated_by>admin</sys_updated_by>
            <sys_updated_on>2021-10-01 19:21:43</sys_updated_on>
            <sys_user/>
            <type/>
        </sys_ui_element>
        <sys_ui_element action="INSERT_OR_UPDATE">
            <element>.split</element>
            <position>3</position>
            <sys_created_by>admin</sys_created_by>
            <sys_created_on>2021-10-01 19:21:43</sys_created_on>
            <sys_id>6f9b167b87363010b05b20af8bbb3533</sys_id>
            <sys_mod_count>0</sys_mod_count>
            <sys_ui_formatter/>
            <sys_ui_section caption="NULL" display_value="" name="x_535856_dept_re_0_request" sys_domain="global" view="Default view">416bd23b87363010b05b20af8bbb3526</sys_ui_section>
            <sys_updated_by>admin</sys_updated_by>
            <sys_updated_on>2021-10-01 19:21:43</sys_updated_on>
            <sys_user/>
            <type>.split</type>
        </sys_ui_element>
        <sys_ui_element action="INSERT_OR_UPDATE">
            <element>state</element>
            <position>4</position>
            <sys_created_by>admin</sys_created_by>
            <sys_created_on>2021-10-01 19:21:43</sys_created_on>
            <sys_id>ef9b167b87363010b05b20af8bbb3533</sys_id>
            <sys_mod_count>0</sys_mod_count>
            <sys_ui_formatter/>
            <sys_ui_section caption="NULL" display_value="" name="x_535856_dept_re_0_request" sys_domain="global" view="Default view">416bd23b87363010b05b20af8bbb3526</sys_ui_section>
            <sys_updated_by>admin</sys_updated_by>
            <sys_updated_on>2021-10-01 19:21:43</sys_updated_on>
            <sys_user/>
            <type/>
        </sys_ui_element>
        <sys_ui_element action="INSERT_OR_UPDATE">
            <element>assignment_group</element>
            <position>5</position>
            <sys_created_by>admin</sys_created_by>
            <sys_created_on>2021-10-01 19:21:43</sys_created_on>
            <sys_id>639b167b87363010b05b20af8bbb3534</sys_id>
            <sys_mod_count>0</sys_mod_count>
            <sys_ui_formatter/>
            <sys_ui_section caption="NULL" display_value="" name="x_535856_dept_re_0_request" sys_domain="global" view="Default view">416bd23b87363010b05b20af8bbb3526</sys_ui_section>
            <sys_updated_by>admin</sys_updated_by>
            <sys_updated_on>2021-10-01 19:21:43</sys_updated_on>
            <sys_user/>
            <type/>
        </sys_ui_element>
        <sys_ui_element action="INSERT_OR_UPDATE">
            <element>assigned_to</element>
            <position>6</position>
            <sys_created_by>admin</sys_created_by>
            <sys_created_on>2021-10-01 19:21:43</sys_created_on>
            <sys_id>e39b167b87363010b05b20af8bbb3534</sys_id>
            <sys_mod_count>0</sys_mod_count>
            <sys_ui_formatter/>
            <sys_ui_section caption="NULL" display_value="" name="x_535856_dept_re_0_request" sys_domain="global" view="Default view">416bd23b87363010b05b20af8bbb3526</sys_ui_section>
            <sys_updated_by>admin</sys_updated_by>
            <sys_updated_on>2021-10-01 19:21:43</sys_updated_on>
            <sys_user/>
            <type/>
        </sys_ui_element>
        <sys_ui_element action="INSERT_OR_UPDATE">
            <element>.end_split</element>
            <position>7</position>
            <sys_created_by>admin</sys_created_by>
            <sys_created_on>2021-10-01 19:21:43</sys_created_on>
            <sys_id>679b167b87363010b05b20af8bbb3534</sys_id>
            <sys_mod_count>0</sys_mod_count>
            <sys_ui_formatter/>
            <sys_ui_section caption="NULL" display_value="" name="x_535856_dept_re_0_request" sys_domain="global" view="Default view">416bd23b87363010b05b20af8bbb3526</sys_ui_section>
            <sys_updated_by>admin</sys_updated_by>
            <sys_updated_on>2021-10-01 19:21:43</sys_updated_on>
            <sys_user/>
            <type>.end_split</type>
        </sys_ui_element>
        <sys_ui_element action="INSERT_OR_UPDATE">
            <element>short_description</element>
            <position>8</position>
            <sys_created_by>admin</sys_created_by>
            <sys_created_on>2021-10-01 19:21:43</sys_created_on>
            <sys_id>e79b167b87363010b05b20af8bbb3534</sys_id>
            <sys_mod_count>0</sys_mod_count>
            <sys_ui_formatter/>
            <sys_ui_section caption="NULL" display_value="" name="x_535856_dept_re_0_request" sys_domain="global" view="Default view">416bd23b87363010b05b20af8bbb3526</sys_ui_section>
            <sys_updated_by>admin</sys_updated_by>
            <sys_updated_on>2021-10-01 19:21:43</sys_updated_on>
            <sys_user/>
            <type/>
        </sys_ui_element>
        <sys_ui_element action="INSERT_OR_UPDATE">
            <element>description</element>
            <position>9</position>
            <sys_created_by>admin</sys_created_by>
            <sys_created_on>2021-10-01 19:21:43</sys_created_on>
            <sys_id>6b9b167b87363010b05b20af8bbb3534</sys_id>
            <sys_mod_count>0</sys_mod_count>
            <sys_ui_formatter/>
            <sys_ui_section caption="NULL" display_value="" name="x_535856_dept_re_0_request" sys_domain="global" view="Default view">416bd23b87363010b05b20af8bbb3526</sys_ui_section>
            <sys_updated_by>admin</sys_updated_by>
            <sys_updated_on>2021-10-01 19:21:43</sys_updated_on>
            <sys_user/>
            <type/>
        </sys_ui_element>
        <sys_ui_element action="INSERT_OR_UPDATE">
            <element>work_notes</element>
            <position>10</position>
            <sys_created_by>admin</sys_created_by>
            <sys_created_on>2021-10-01 19:21:43</sys_created_on>
            <sys_id>eb9b167b87363010b05b20af8bbb3534</sys_id>
            <sys_mod_count>0</sys_mod_count>
            <sys_ui_formatter/>
            <sys_ui_section caption="NULL" display_value="" name="x_535856_dept_re_0_request" sys_domain="global" view="Default view">416bd23b87363010b05b20af8bbb3526</sys_ui_section>
            <sys_updated_by>admin</sys_updated_by>
            <sys_updated_on>2021-10-01 19:21:43</sys_updated_on>
            <sys_user/>
            <type/>
        </sys_ui_element>
        <sys_ui_element action="INSERT_OR_UPDATE">
            <element>activity.xml</element>
            <position>11</position>
            <sys_created_by>admin</sys_created_by>
            <sys_created_on>2021-10-01 19:21:43</sys_created_on>
            <sys_id>6f9b167b87363010b05b20af8bbb3534</sys_id>
            <sys_mod_count>0</sys_mod_count>
            <sys_ui_formatter display_value="Activities (filtered)">444ea5c6bf310100e628555b3f0739d6</sys_ui_formatter>
            <sys_ui_section caption="NULL" display_value="" name="x_535856_dept_re_0_request" sys_domain="global" view="Default view">416bd23b87363010b05b20af8bbb3526</sys_ui_section>
            <sys_updated_by>admin</sys_updated_by>
            <sys_updated_on>2021-10-01 19:21:43</sys_updated_on>
            <sys_user/>
            <type>formatter</type>
        </sys_ui_element>
        <sys_ui_section action="INSERT_OR_UPDATE">
            <caption/>
            <header>false</header>
            <name>x_535856_dept_re_0_request</name>
            <roles/>
            <sys_class_name>sys_ui_section</sys_class_name>
            <sys_created_by>admin</sys_created_by>
            <sys_created_on>2021-10-01 19:20:43</sys_created_on>
            <sys_domain>global</sys_domain>
            <sys_domain_path>/</sys_domain_path>
            <sys_id>416bd23b87363010b05b20af8bbb3526</sys_id>
            <sys_mod_count>0</sys_mod_count>
            <sys_name>x_535856_dept_re_0_request</sys_name>
            <sys_overrides/>
            <sys_package display_value="Dept Request" source="x_535856_dept_re_0">9cf99af787363010b05b20af8bbb358d</sys_package>
            <sys_policy/>
            <sys_scope display_value="Dept Request">9cf99af787363010b05b20af8bbb358d</sys_scope>
            <sys_update_name>sys_ui_section_416bd23b87363010b05b20af8bbb3526</sys_update_name>
            <sys_updated_by>admin</sys_updated_by>
            <sys_updated_on>2021-10-01 19:20:43</sys_updated_on>
            <sys_user/>
            <title>true</title>
            <view display_value="Default view" name="NULL">Default view</view>
            <view_name/>
        </sys_ui_section>
    </sys_ui_section>
</record_update>
