<?xml version="1.0" encoding="UTF-8"?><record_update table="sys_ux_page_registry">
    <sys_ux_page_registry action="INSERT_OR_UPDATE">
        <active>true</active>
        <admin_panel>05202e3f02363010ca9a97599140bec0</admin_panel>
        <admin_panel_table>sys_ux_app_config</admin_panel_table>
        <auth_routes/>
        <page/>
        <path>dept-request</path>
        <root_macroponent display_value="Agent Workspace App Shell">c276387cc331101080d6d3658940ddd2</root_macroponent>
        <sys_class_name>sys_ux_page_registry</sys_class_name>
        <sys_created_by>admin</sys_created_by>
        <sys_created_on>2021-10-01 19:41:29</sys_created_on>
        <sys_id>c1202e3f773630101456720dcebbc2c2</sys_id>
        <sys_mod_count>0</sys_mod_count>
        <sys_name>Dept Request</sys_name>
        <sys_package display_value="Dept Request" source="x_535856_dept_re_0">9cf99af787363010b05b20af8bbb358d</sys_package>
        <sys_policy/>
        <sys_scope display_value="Dept Request">9cf99af787363010b05b20af8bbb358d</sys_scope>
        <sys_update_name>sys_ux_page_registry_c1202e3f773630101456720dcebbc2c2</sys_update_name>
        <sys_updated_by>admin</sys_updated_by>
        <sys_updated_on>2021-10-01 19:41:29</sys_updated_on>
        <title>Dept Request</title>
    </sys_ux_page_registry>
</record_update>
