<?xml version="1.0" encoding="UTF-8"?><record_update sys_domain="global" table="sys_ux_screen">
    <sys_ux_screen action="INSERT_OR_UPDATE">
        <active>true</active>
        <app_config display_value="Dept Request Config">05202e3f02363010ca9a97599140bec0</app_config>
        <description/>
        <event_mappings>[ ]</event_mappings>
        <macroponent display_value="Compose Email">b07e59fe7743501033809b306910610c</macroponent>
        <macroponent_config>{
  "label" : "",
  "bare" : true,
  "scrollable" : "y",
  "headerLevel" : "1",
  "interceptNotifications" : false,
  "propagateNotifications" : false
}</macroponent_config>
        <name>Draft Email Page</name>
        <order>100</order>
        <parent_macroponent display_value="Agent Workspace App Shell">c276387cc331101080d6d3658940ddd2</parent_macroponent>
        <required_translations>[]</required_translations>
        <screen_condition>table=sys_email_draft</screen_condition>
        <screen_type display_value="Record">0d202e3fb43630105b914ef70270b1c0</screen_type>
        <sys_class_name>sys_ux_screen</sys_class_name>
        <sys_created_by>admin</sys_created_by>
        <sys_created_on>2021-10-01 19:41:29</sys_created_on>
        <sys_domain>global</sys_domain>
        <sys_domain_path>/</sys_domain_path>
        <sys_id>85202e3f8b3630105da573356c73abc3</sys_id>
        <sys_mod_count>0</sys_mod_count>
        <sys_name>Draft Email Page</sys_name>
        <sys_overrides/>
        <sys_package display_value="Dept Request" source="x_535856_dept_re_0">9cf99af787363010b05b20af8bbb358d</sys_package>
        <sys_policy/>
        <sys_scope display_value="Dept Request">9cf99af787363010b05b20af8bbb358d</sys_scope>
        <sys_update_name>sys_ux_screen_85202e3f8b3630105da573356c73abc3</sys_update_name>
        <sys_updated_by>admin</sys_updated_by>
        <sys_updated_on>2021-10-01 19:41:29</sys_updated_on>
    </sys_ux_screen>
    <sys_translated_text action="delete_multiple" query="documentkey=85202e3f8b3630105da573356c73abc3"/>
</record_update>
