<?xml version="1.0" encoding="UTF-8"?><record_update sys_domain="global" table="sys_ux_screen">
    <sys_ux_screen action="INSERT_OR_UPDATE">
        <active>true</active>
        <app_config display_value="Dept Request Config">05202e3f02363010ca9a97599140bec0</app_config>
        <description/>
        <event_mappings/>
        <macroponent display_value="Attachment">3478e8db0f0210107d20409dc4767e89</macroponent>
        <macroponent_config>{&#13;
    "table": "@data.gform.nowRecordFormBlob.table",&#13;
    "sysId": "@data.gform.nowRecordFormBlob.sysId"&#13;
}</macroponent_config>
        <name>Attachment</name>
        <order>0</order>
        <parent_macroponent display_value="Record">558adc930f0210107d20409dc4767e84</parent_macroponent>
        <required_translations>[]</required_translations>
        <screen_condition/>
        <screen_type display_value="Attachment">747828db0f0210107d20409dc4767eb5</screen_type>
        <sys_class_name>sys_ux_screen</sys_class_name>
        <sys_created_by>admin</sys_created_by>
        <sys_created_on>2021-10-01 19:41:29</sys_created_on>
        <sys_domain>global</sys_domain>
        <sys_domain_path>/</sys_domain_path>
        <sys_id>41202e3f17363010c5619031d301c4c3</sys_id>
        <sys_mod_count>0</sys_mod_count>
        <sys_name>Attachment</sys_name>
        <sys_overrides/>
        <sys_package display_value="Dept Request" source="x_535856_dept_re_0">9cf99af787363010b05b20af8bbb358d</sys_package>
        <sys_policy/>
        <sys_scope display_value="Dept Request">9cf99af787363010b05b20af8bbb358d</sys_scope>
        <sys_update_name>sys_ux_screen_41202e3f17363010c5619031d301c4c3</sys_update_name>
        <sys_updated_by>admin</sys_updated_by>
        <sys_updated_on>2021-10-01 19:41:29</sys_updated_on>
    </sys_ux_screen>
    <sys_translated_text action="delete_multiple" query="documentkey=41202e3f17363010c5619031d301c4c3"/>
</record_update>
