<?xml version="1.0" encoding="UTF-8"?><record_update>
    <sys_documentation element="name" label="Name" language="en" table="x_535856_dept_re_0_type">
        <sys_documentation action="INSERT_OR_UPDATE">
            <element>name</element>
            <help/>
            <hint/>
            <label>Name</label>
            <language>en</language>
            <name>x_535856_dept_re_0_type</name>
            <plural>Names</plural>
            <sys_class_name>sys_documentation</sys_class_name>
            <sys_created_by>admin</sys_created_by>
            <sys_created_on>2021-10-01 19:18:09</sys_created_on>
            <sys_id>9bcad63b87363010b05b20af8bbb3564</sys_id>
            <sys_mod_count>0</sys_mod_count>
            <sys_name>Name</sys_name>
            <sys_package display_value="Dept Request" source="x_535856_dept_re_0">9cf99af787363010b05b20af8bbb358d</sys_package>
            <sys_policy/>
            <sys_scope display_value="Dept Request">9cf99af787363010b05b20af8bbb358d</sys_scope>
            <sys_update_name>sys_documentation_x_535856_dept_re_0_type_name_en</sys_update_name>
            <sys_updated_by>admin</sys_updated_by>
            <sys_updated_on>2021-10-01 19:18:09</sys_updated_on>
            <url/>
            <url_target/>
        </sys_documentation>
    </sys_documentation>
</record_update>
