<?xml version="1.0" encoding="UTF-8"?><record_update table="sys_ux_list_menu_config">
    <sys_ux_list_menu_config action="INSERT_OR_UPDATE">
        <active>true</active>
        <description/>
        <name>Dept Request_menu_config</name>
        <sys_class_name>sys_ux_list_menu_config</sys_class_name>
        <sys_created_by>admin</sys_created_by>
        <sys_created_on>2021-10-01 19:41:30</sys_created_on>
        <sys_id>a1206e3f87363010b05b20af8bbb3506</sys_id>
        <sys_mod_count>0</sys_mod_count>
        <sys_name>Dept Request_menu_config</sys_name>
        <sys_package display_value="Dept Request" source="x_535856_dept_re_0">9cf99af787363010b05b20af8bbb358d</sys_package>
        <sys_policy/>
        <sys_scope display_value="Dept Request">9cf99af787363010b05b20af8bbb358d</sys_scope>
        <sys_update_name>sys_ux_list_menu_config_a1206e3f87363010b05b20af8bbb3506</sys_update_name>
        <sys_updated_by>admin</sys_updated_by>
        <sys_updated_on>2021-10-01 19:41:30</sys_updated_on>
    </sys_ux_list_menu_config>
</record_update>
