<?xml version="1.0" encoding="UTF-8"?><record_update table="sys_ux_screen_type">
    <sys_ux_screen_type action="INSERT_OR_UPDATE">
        <description/>
        <name>Notification tray</name>
        <sys_class_name>sys_ux_screen_type</sys_class_name>
        <sys_created_by>admin</sys_created_by>
        <sys_created_on>2021-10-01 19:41:29</sys_created_on>
        <sys_id>81202e3fa2363010fdcd48168b3aa4c1</sys_id>
        <sys_mod_count>0</sys_mod_count>
        <sys_name>Notification tray</sys_name>
        <sys_package display_value="Dept Request" source="x_535856_dept_re_0">9cf99af787363010b05b20af8bbb358d</sys_package>
        <sys_policy/>
        <sys_scope display_value="Dept Request">9cf99af787363010b05b20af8bbb358d</sys_scope>
        <sys_update_name>sys_ux_screen_type_81202e3fa2363010fdcd48168b3aa4c1</sys_update_name>
        <sys_updated_by>admin</sys_updated_by>
        <sys_updated_on>2021-10-01 19:41:29</sys_updated_on>
    </sys_ux_screen_type>
    <sys_translated_text action="delete_multiple" query="documentkey=81202e3fa2363010fdcd48168b3aa4c1"/>
</record_update>
