<?xml version="1.0" encoding="UTF-8"?><record_update table="sys_script_include">
    <sys_script_include action="INSERT_OR_UPDATE">
        <access>package_private</access>
        <active>true</active>
        <api_name>x_535856_dept_re_0.workspaceStarterExpUtils</api_name>
        <caller_access/>
        <client_callable>false</client_callable>
        <description/>
        <name>workspaceStarterExpUtils</name>
        <script><![CDATA[var workspaceStarterExpUtils = Class.create();
workspaceStarterExpUtils.prototype = {
    initialize: function() {},

    checkContextualConfig: function(tableName) {

        //To check Agent assist is configured for current table on workspace

        var gr = new GlideRecord('cxs_table_config');
        gr.addQuery('table', '=', tableName);
        gr.addQuery('ui_type', '=', 'workspace');
        gr.query();
        if (gr.next()) {
            return true;
        } else {
            return false;
        }
    },
    type: 'workspaceStarterExpUtils'
};]]></script>
        <sys_class_name>sys_script_include</sys_class_name>
        <sys_created_by>admin</sys_created_by>
        <sys_created_on>2021-10-01 19:41:29</sys_created_on>
        <sys_id>01202e3f603630108b253faaeba5a4c3</sys_id>
        <sys_mod_count>0</sys_mod_count>
        <sys_name>workspaceStarterExpUtils</sys_name>
        <sys_package display_value="Dept Request" source="x_535856_dept_re_0">9cf99af787363010b05b20af8bbb358d</sys_package>
        <sys_policy>read</sys_policy>
        <sys_scope display_value="Dept Request">9cf99af787363010b05b20af8bbb358d</sys_scope>
        <sys_update_name>sys_script_include_01202e3f603630108b253faaeba5a4c3</sys_update_name>
        <sys_updated_by>admin</sys_updated_by>
        <sys_updated_on>2021-10-01 19:41:29</sys_updated_on>
    </sys_script_include>
</record_update>
