<?xml version="1.0" encoding="UTF-8"?><record_update table="sys_ux_event">
    <sys_ux_event action="INSERT_OR_UPDATE">
        <description/>
        <event_name>NAV_ITEM_SELECTED_RELAY_62dc92097313101000699434c4f6a72d</event_name>
        <interfaces/>
        <label>Link to destination Relay (Simple List Default)</label>
        <props>[{"name":"route","fieldType":"string","interfaceApiName":"global.route","label":"Route type"},{"name":"fields","fieldType":"json","interfaceApiName":"global.route","label":"Route fields"},{"name":"params","fieldType":"json","interfaceApiName":"global.route","label":"Optionals parameters"},{"name":"redirect","fieldType":"boolean","interfaceApiName":null,"label":"Remove previous URL from browser history"},{"name":"passiveNavigation","fieldType":"boolean","interfaceApiName":null,"label":"Load in background (advanced)"},{"name":"title","fieldType":"string","interfaceApiName":null,"label":"Title (advanced)"},{"name":"multiInstField","fieldType":"string","interfaceApiName":null,"label":"Multi-instance field (advanced)"},{"name":"targetRoute","fieldType":"string","interfaceApiName":null,"label":"Sub-navigation route (advanced)"},{"name":"external","fieldType":"json","interfaceApiName":"global.route","label":"External URL object"}]</props>
        <required_translations/>
        <schema_version>1.0.0</schema_version>
        <sys_class_name>sys_ux_event</sys_class_name>
        <sys_created_by>admin</sys_created_by>
        <sys_created_on>2021-10-01 19:41:29</sys_created_on>
        <sys_id>cd202e3fca363010a7dfa65b270913c1</sys_id>
        <sys_mod_count>0</sys_mod_count>
        <sys_name>Link to destination Relay (Simple List Default)</sys_name>
        <sys_package display_value="Dept Request" source="x_535856_dept_re_0">9cf99af787363010b05b20af8bbb358d</sys_package>
        <sys_policy/>
        <sys_scope display_value="Dept Request">9cf99af787363010b05b20af8bbb358d</sys_scope>
        <sys_update_name>sys_ux_event_cd202e3fca363010a7dfa65b270913c1</sys_update_name>
        <sys_updated_by>admin</sys_updated_by>
        <sys_updated_on>2021-10-01 19:41:29</sys_updated_on>
    </sys_ux_event>
    <sys_translated_text action="delete_multiple" query="documentkey=cd202e3fca363010a7dfa65b270913c1"/>
</record_update>
