<?xml version="1.0" encoding="UTF-8"?><record_update table="sys_embedded_help_role">
    <sys_embedded_help_role action="INSERT_OR_UPDATE">
        <order>10</order>
        <role display_value="x_535856_dept_re_0.Admin" name="x_535856_dept_re_0.Admin">da93e63387763010b05b20af8bbb35e5</role>
        <sys_class_name>sys_embedded_help_role</sys_class_name>
        <sys_created_by>admin</sys_created_by>
        <sys_created_on>2021-10-01 19:56:34</sys_created_on>
        <sys_id>9293e63387763010b05b20af8bbb35e9</sys_id>
        <sys_mod_count>0</sys_mod_count>
        <sys_name>da93e63387763010b05b20af8bbb35e5</sys_name>
        <sys_package display_value="Dept Request" source="x_535856_dept_re_0">9cf99af787363010b05b20af8bbb358d</sys_package>
        <sys_policy/>
        <sys_scope display_value="Dept Request">9cf99af787363010b05b20af8bbb358d</sys_scope>
        <sys_update_name>sys_embedded_help_role_9293e63387763010b05b20af8bbb35e9</sys_update_name>
        <sys_updated_by>admin</sys_updated_by>
        <sys_updated_on>2021-10-01 19:56:34</sys_updated_on>
    </sys_embedded_help_role>
</record_update>
