<?xml version="1.0" encoding="UTF-8"?><record_update sys_domain="global" table="sys_ux_screen">
    <sys_ux_screen action="INSERT_OR_UPDATE">
        <active>true</active>
        <app_config display_value="Dept Request Config">05202e3f02363010ca9a97599140bec0</app_config>
        <description/>
        <event_mappings/>
        <macroponent display_value="Search results">72e447ee0b621010a8b1c96237673a7e</macroponent>
        <macroponent_config/>
        <name>Search Default</name>
        <order>0</order>
        <parent_macroponent display_value="Agent Workspace App Shell">c276387cc331101080d6d3658940ddd2</parent_macroponent>
        <required_translations>[]</required_translations>
        <screen_condition/>
        <screen_type display_value="Search">49202e3f5e3630107d47e3bd36f4efc1</screen_type>
        <sys_class_name>sys_ux_screen</sys_class_name>
        <sys_created_by>admin</sys_created_by>
        <sys_created_on>2021-10-01 19:41:29</sys_created_on>
        <sys_domain>global</sys_domain>
        <sys_domain_path>/</sys_domain_path>
        <sys_id>89202e3f94363010977e53526f982dc0</sys_id>
        <sys_mod_count>0</sys_mod_count>
        <sys_name>Search Default</sys_name>
        <sys_overrides/>
        <sys_package display_value="Dept Request" source="x_535856_dept_re_0">9cf99af787363010b05b20af8bbb358d</sys_package>
        <sys_policy/>
        <sys_scope display_value="Dept Request">9cf99af787363010b05b20af8bbb358d</sys_scope>
        <sys_update_name>sys_ux_screen_89202e3f94363010977e53526f982dc0</sys_update_name>
        <sys_updated_by>admin</sys_updated_by>
        <sys_updated_on>2021-10-01 19:41:29</sys_updated_on>
    </sys_ux_screen>
    <sys_translated_text action="delete_multiple" query="documentkey=89202e3f94363010977e53526f982dc0"/>
</record_update>
