<?xml version="1.0" encoding="UTF-8"?><record_update table="sys_user_role">
    <sys_user_role action="INSERT_OR_UPDATE">
        <assignable_by/>
        <can_delegate>true</can_delegate>
        <description>Users with this role will be able to administer this app</description>
        <elevated_privilege>false</elevated_privilege>
        <grantable>true</grantable>
        <includes_roles/>
        <name>x_535856_dept_re_0.Admin</name>
        <requires_subscription>-1</requires_subscription>
        <scoped_admin>false</scoped_admin>
        <suffix>Admin</suffix>
        <sys_class_name>sys_user_role</sys_class_name>
        <sys_created_by>admin</sys_created_by>
        <sys_created_on>2021-10-01 19:56:34</sys_created_on>
        <sys_id>da93e63387763010b05b20af8bbb35e5</sys_id>
        <sys_mod_count>0</sys_mod_count>
        <sys_name>x_535856_dept_re_0.Admin</sys_name>
        <sys_package display_value="Dept Request" source="x_535856_dept_re_0">9cf99af787363010b05b20af8bbb358d</sys_package>
        <sys_policy/>
        <sys_scope display_value="Dept Request">9cf99af787363010b05b20af8bbb358d</sys_scope>
        <sys_update_name>sys_user_role_da93e63387763010b05b20af8bbb35e5</sys_update_name>
        <sys_updated_by>admin</sys_updated_by>
        <sys_updated_on>2021-10-01 19:56:34</sys_updated_on>
    </sys_user_role>
</record_update>
