<?xml version="1.0" encoding="UTF-8"?><record_update table="sys_security_acl_role">
    <sys_security_acl_role action="INSERT_OR_UPDATE">
        <sys_class_name>sys_security_acl_role</sys_class_name>
        <sys_created_by>admin</sys_created_by>
        <sys_created_on>2021-10-01 19:56:35</sys_created_on>
        <sys_id>d6932a3387763010b05b20af8bbb3578</sys_id>
        <sys_mod_count>0</sys_mod_count>
        <sys_name>x_535856_dept_re_0_type.x_535856_dept_re_0.Admin</sys_name>
        <sys_package display_value="Dept Request" source="x_535856_dept_re_0">9cf99af787363010b05b20af8bbb358d</sys_package>
        <sys_policy/>
        <sys_scope display_value="Dept Request">9cf99af787363010b05b20af8bbb358d</sys_scope>
        <sys_security_acl display_value="x_535856_dept_re_0_type">de932a3387763010b05b20af8bbb3575</sys_security_acl>
        <sys_update_name>sys_security_acl_role_d6932a3387763010b05b20af8bbb3578</sys_update_name>
        <sys_updated_by>admin</sys_updated_by>
        <sys_updated_on>2021-10-01 19:56:35</sys_updated_on>
        <sys_user_role display_value="x_535856_dept_re_0.Admin" name="x_535856_dept_re_0.Admin">da93e63387763010b05b20af8bbb35e5</sys_user_role>
        <transaction_id/>
    </sys_security_acl_role>
</record_update>
