<?xml version="1.0" encoding="UTF-8"?><record_update sys_domain="global" table="sys_hub_flow">
    <sys_hub_flow action="INSERT_OR_UPDATE">
        <access>public</access>
        <acls/>
        <active>true</active>
        <annotation/>
        <callable_by_client_api>false</callable_by_client_api>
        <category/>
        <compiler_build>glide-rome-06-23-2021__patch1-08-26-2021_09-06-2021_0849.zip</compiler_build>
        <copied_from>9a41b6c2ff12101088e94ee9453bf1a4</copied_from>
        <copied_from_name>FlowTemplate_Empty</copied_from_name>
        <description>Sends an approval to the approving group upon request creation</description>
        <internal_name>request_approval</internal_name>
        <label_cache>[{"name":"b977b921-99a6-4f4f-a448-898baeb17787.__dont_treat_as_error__","label":"5➛Don\u0027t Treat as Error","reference_display":"Don\u0027t Treat as Error","type":"boolean","base_type":"boolean","attributes":{"element_mapping_provider":"com.glide.flow_design.action.data.FlowDesignVariableMapper","uiType":"boolean","visible_in_ui":"false","action_error_output":"true"}},{"name":"b977b921-99a6-4f4f-a448-898baeb17787.__action_status__","label":"5➛Action Status","reference_display":"Action Status","type":"object","base_type":"object","attributes":{"co_type_name":"FDACTIONSTATUS","element_mapping_provider":"com.glide.flow_design.action.data.FlowDesignVariableMapper","uiType":"object","action_error_output":"true"}},{"name":"b977b921-99a6-4f4f-a448-898baeb17787.table_name","label":"5➛Request Table","reference":"x_535856_dept_re_0_request","reference_display":"Request","type":"table_name","base_type":"table_name","attributes":{"element_mapping_provider":"com.glide.flow_design.action.data.FlowDesignVariableMapper"}},{"name":"b977b921-99a6-4f4f-a448-898baeb17787.record","label":"5➛Request Record","reference":"x_535856_dept_re_0_request","reference_display":"Request","type":"reference","base_type":"reference","attributes":{"element_mapping_provider":"com.glide.flow_design.action.data.FlowDesignVariableMapper"}},{"name":"Created_1.current.type.fulfillment_group","label":"Trigger➛Request Record➛Type➛Fulfillment group","reference":"sys_user_group","reference_display":"Group","type":"reference","base_type":"reference","parent_table_name":"x_535856_dept_re_0_type","column_name":"fulfillment_group"},{"name":"2ebabbc0-7553-437f-af5e-234788045c9a.__dont_treat_as_error__","label":"3➛Don\u0027t Treat as Error","reference_display":"Don\u0027t Treat as Error","type":"boolean","base_type":"boolean","attributes":{"element_mapping_provider":"com.glide.flow_design.action.data.FlowDesignVariableMapper","uiType":"boolean","visible_in_ui":"false","action_error_output":"true"}},{"name":"2ebabbc0-7553-437f-af5e-234788045c9a.__action_status__","label":"3➛Action Status","reference_display":"Action Status","type":"object","base_type":"object","attributes":{"co_type_name":"FDACTIONSTATUS","element_mapping_provider":"com.glide.flow_design.action.data.FlowDesignVariableMapper","uiType":"object","action_error_output":"true"}},{"name":"2ebabbc0-7553-437f-af5e-234788045c9a.table_name","label":"3➛Request Table","reference":"x_535856_dept_re_0_request","reference_display":"Request","type":"table_name","base_type":"table_name","attributes":{"element_mapping_provider":"com.glide.flow_design.action.data.FlowDesignVariableMapper"}},{"name":"2ebabbc0-7553-437f-af5e-234788045c9a.record","label":"3➛Request Record","reference":"x_535856_dept_re_0_request","reference_display":"Request","type":"reference","base_type":"reference","attributes":{"element_mapping_provider":"com.glide.flow_design.action.data.FlowDesignVariableMapper"}},{"name":"Created_1.current.type.approval_group","label":"Trigger➛Request Record➛Type➛Approval group","reference":"sys_user_group","reference_display":"Group","type":"reference","base_type":"reference","parent_table_name":"x_535856_dept_re_0_type","column_name":"approval_group"},{"name":"Created_1.current","label":"Trigger➛Request Record","reference":"x_535856_dept_re_0_request","reference_display":"Request","type":"reference","base_type":"reference","attributes":{}},{"name":"43b912b5-a903-4021-ad9a-d742365327fb.__dont_treat_as_error__","label":"1➛Don\u0027t Treat as Error","reference_display":"Don\u0027t Treat as Error","type":"boolean","base_type":"boolean","attributes":{"element_mapping_provider":"com.glide.flow_design.action.data.FlowDesignVariableMapper","uiType":"boolean","visible_in_ui":"false","action_error_output":"true"}},{"name":"43b912b5-a903-4021-ad9a-d742365327fb.__action_status__","label":"1➛Action Status","reference_display":"Action Status","type":"object","base_type":"object","attributes":{"co_type_name":"FDACTIONSTATUS","element_mapping_provider":"com.glide.flow_design.action.data.FlowDesignVariableMapper","uiType":"object","action_error_output":"true"}},{"name":"43b912b5-a903-4021-ad9a-d742365327fb.approval_state","label":"1➛Approval State","reference_display":"Approval State","type":"choice","base_type":"choice","attributes":{"element_mapping_provider":"com.glide.flow_design.action.data.FlowDesignVariableMapper"}}]</label_cache>
        <master_snapshot>ef4222ff87363010b05b20af8bbb35af</master_snapshot>
        <name>Request approval</name>
        <natlang/>
        <outputs/>
        <remote_trigger_id>8452a2ff87363010b05b20af8bbb35bf</remote_trigger_id>
        <run_as>user</run_as>
        <run_with_roles/>
        <sc_callable>false</sc_callable>
        <show_draft_actions>false</show_draft_actions>
        <show_triggered_flows>false</show_triggered_flows>
        <status>published</status>
        <sys_class_name>sys_hub_flow</sys_class_name>
        <sys_created_by>admin</sys_created_by>
        <sys_created_on>2021-10-01 19:47:08</sys_created_on>
        <sys_domain>global</sys_domain>
        <sys_domain_path>/</sys_domain_path>
        <sys_id>c871a2bf87363010b05b20af8bbb35c3</sys_id>
        <sys_mod_count>5</sys_mod_count>
        <sys_name>Request approval</sys_name>
        <sys_overrides/>
        <sys_package display_value="Dept Request" source="x_535856_dept_re_0">9cf99af787363010b05b20af8bbb358d</sys_package>
        <sys_policy/>
        <sys_scope display_value="Dept Request">9cf99af787363010b05b20af8bbb358d</sys_scope>
        <sys_update_name>sys_hub_flow_c871a2bf87363010b05b20af8bbb35c3</sys_update_name>
        <sys_updated_by>admin</sys_updated_by>
        <sys_updated_on>2021-10-01 19:50:59</sys_updated_on>
        <type>flow</type>
    </sys_hub_flow>
    <sys_translated_text action="delete_multiple" query="documentkey=c871a2bf87363010b05b20af8bbb35c3"/>
    <sys_variable_value action="delete_multiple" query="document_key=c871a2bf87363010b05b20af8bbb35c3"/>
    <sys_flow_record_trigger action="INSERT_OR_UPDATE">
        <active>true</active>
        <condition table="x_535856_dept_re_0_request">typeISNOTEMPTY<item endquery="false" field="type" goto="false" newquery="false" operator="ISNOTEMPTY" or="false" value=""/>
        </condition>
        <name/>
        <on_delete>false</on_delete>
        <on_insert>true</on_insert>
        <on_update>false</on_update>
        <run_flow_in>background</run_flow_in>
        <run_on_extended>false</run_on_extended>
        <run_when_setting>both</run_when_setting>
        <run_when_user_list/>
        <run_when_user_setting>any</run_when_user_setting>
        <sys_class_name>sys_flow_record_trigger</sys_class_name>
        <sys_created_by>admin</sys_created_by>
        <sys_created_on>2021-10-01 19:50:58</sys_created_on>
        <sys_domain>global</sys_domain>
        <sys_domain_path>/</sys_domain_path>
        <sys_id>8452a2ff87363010b05b20af8bbb35bf</sys_id>
        <sys_mod_count>0</sys_mod_count>
        <sys_overrides/>
        <sys_scope display_value="Dept Request">9cf99af787363010b05b20af8bbb358d</sys_scope>
        <sys_updated_by>admin</sys_updated_by>
        <sys_updated_on>2021-10-01 19:50:58</sys_updated_on>
        <table>x_535856_dept_re_0_request</table>
    </sys_flow_record_trigger>
    <sys_trigger_runner_mapping action="INSERT_OR_UPDATE">
        <active>true</active>
        <data>{"table":"sys_trigger_runner_mapping","id":"8052a2ff87363010b05b20af8bbb35c0","name":"trigger_runner","type":"java.util.Collections$UnmodifiableMap"}</data>
        <identifier>c871a2bf87363010b05b20af8bbb35c3</identifier>
        <runner>FDTriggerRunner</runner>
        <sys_created_by>admin</sys_created_by>
        <sys_created_on>2021-10-01 19:50:58</sys_created_on>
        <sys_id>8052a2ff87363010b05b20af8bbb35c0</sys_id>
        <sys_mod_count>1</sys_mod_count>
        <sys_updated_by>admin</sys_updated_by>
        <sys_updated_on>2021-10-01 19:50:58</sys_updated_on>
        <trigger display_value="">8452a2ff87363010b05b20af8bbb35bf</trigger>
    </sys_trigger_runner_mapping>
    <sys_json_chunk action="INSERT_OR_UPDATE">
        <data>H4sIAAAAAAAAAGXLWwqAIBBA0b3MdytwKxGD5fggGUFHLKK99yAo6Pce7ga5MtqYGgYGBaOeZpdTZQPdTc0TYy2UMYYioPrh0wuJBHbXl8T/jpc1r48mRlqE2JA5u9WxEOwH5v2lw4YAAAA=</data>
        <document_id>8052a2ff87363010b05b20af8bbb35c0</document_id>
        <field>trigger_runner</field>
        <length>144</length>
        <position>0</position>
        <source_table>sys_trigger_runner_mapping</source_table>
        <sys_created_by>admin</sys_created_by>
        <sys_created_on>2021-10-01 19:50:58</sys_created_on>
        <sys_id>cc52a2ff87363010b05b20af8bbb35c0</sys_id>
    </sys_json_chunk>
    <sys_trigger_runner_mapping action="delete_multiple" query="identifier=c871a2bf87363010b05b20af8bbb35c3^sys_idNOT IN8052a2ff87363010b05b20af8bbb35c0"/>
    <sys_hub_trigger_instance action="delete_multiple" query="flow=c871a2bf87363010b05b20af8bbb35c3^sys_idNOT INa142eebf87363010b05b20af8bbb3563"/>
    <sys_hub_trigger_instance action="INSERT_OR_UPDATE">
        <comment/>
        <display_text/>
        <flow display_value="Request approval">c871a2bf87363010b05b20af8bbb35c3</flow>
        <name>Created</name>
        <remote_sys_id/>
        <sys_created_by>admin</sys_created_by>
        <sys_created_on>2021-10-01 19:50:48</sys_created_on>
        <sys_id>a142eebf87363010b05b20af8bbb3563</sys_id>
        <sys_mod_count>3</sys_mod_count>
        <sys_scope/>
        <sys_updated_by>admin</sys_updated_by>
        <sys_updated_on>2021-10-01 19:50:58</sys_updated_on>
        <trigger_definition display_value="Created">798916a0c31322002841b63b12d3ae7c</trigger_definition>
        <trigger_inputs/>
        <trigger_outputs/>
        <trigger_type>record_create</trigger_type>
    </sys_hub_trigger_instance>
    <sys_variable_value action="delete_multiple" query="document_key=a142eebf87363010b05b20af8bbb3563"/>
    <sys_variable_value action="INSERT_OR_UPDATE">
        <document>sys_hub_trigger_instance</document>
        <document_key>a142eebf87363010b05b20af8bbb3563</document_key>
        <order>100</order>
        <sys_class_name>sys_variable_value</sys_class_name>
        <sys_created_by>admin</sys_created_by>
        <sys_created_on>2021-10-01 19:50:48</sys_created_on>
        <sys_id>6542eebf87363010b05b20af8bbb3564</sys_id>
        <sys_mod_count>0</sys_mod_count>
        <sys_updated_by>admin</sys_updated_by>
        <sys_updated_on>2021-10-01 19:50:48</sys_updated_on>
        <value>typeISNOTEMPTY</value>
        <variable display_value="Condition">66aadea0c31322002841b63b12d3aebf</variable>
    </sys_variable_value>
    <sys_variable_value action="INSERT_OR_UPDATE">
        <document>sys_hub_trigger_instance</document>
        <document_key>a142eebf87363010b05b20af8bbb3563</document_key>
        <order>1</order>
        <sys_class_name>sys_variable_value</sys_class_name>
        <sys_created_by>admin</sys_created_by>
        <sys_created_on>2021-10-01 19:50:48</sys_created_on>
        <sys_id>ed42eebf87363010b05b20af8bbb3564</sys_id>
        <sys_mod_count>0</sys_mod_count>
        <sys_updated_by>admin</sys_updated_by>
        <sys_updated_on>2021-10-01 19:50:48</sys_updated_on>
        <value>x_535856_dept_re_0_request</value>
        <variable display_value="Table">cfca92e0c31322002841b63b12d3ae00</variable>
    </sys_variable_value>
    <sys_flow_cat_variable_model action="delete_multiple" query="id=c871a2bf87363010b05b20af8bbb35c3^sys_idNOT IN0871a2bf87363010b05b20af8bbb35c6"/>
    <sys_flow_cat_variable_model action="INSERT_OR_UPDATE">
        <id>c871a2bf87363010b05b20af8bbb35c3</id>
        <name>Request approval</name>
        <sys_created_by>admin</sys_created_by>
        <sys_created_on>2021-10-01 19:47:08</sys_created_on>
        <sys_id>0871a2bf87363010b05b20af8bbb35c6</sys_id>
        <sys_mod_count>0</sys_mod_count>
        <sys_scope/>
        <sys_updated_by>admin</sys_updated_by>
        <sys_updated_on>2021-10-01 19:47:08</sys_updated_on>
    </sys_flow_cat_variable_model>
    <sys_hub_flow_input action="delete_multiple" query="model=c871a2bf87363010b05b20af8bbb35c3^sys_idNOT IN6d42eebf87363010b05b20af8bbb3555,e942eebf87363010b05b20af8bbb355c"/>
    <sys_hub_flow_input action="INSERT_OR_UPDATE">
        <active>true</active>
        <array>false</array>
        <array_denormalized>false</array_denormalized>
        <attributes>element_mapping_provider=com.glide.flow_design.action.data.FlowDesignVariableMapper,uiType=document_id</attributes>
        <audit>false</audit>
        <calculation><![CDATA[(function calculatedFieldValue(current) {

	// Add your code here
	return '';  // return the calculated value

})(current);]]></calculation>
        <choice/>
        <choice_field/>
        <choice_table/>
        <column_label/>
        <comments/>
        <create_roles/>
        <default_value/>
        <defaultsort/>
        <delete_roles/>
        <dependent>table_name</dependent>
        <dependent_on_field>table_name</dependent_on_field>
        <display>false</display>
        <dynamic_creation>false</dynamic_creation>
        <dynamic_creation_script/>
        <dynamic_default_value/>
        <dynamic_ref_qual/>
        <element>current</element>
        <element_reference>false</element_reference>
        <foreign_database/>
        <function_definition/>
        <function_field>false</function_field>
        <help/>
        <hint/>
        <internal_type display_value="">document_id</internal_type>
        <label>Record</label>
        <mandatory>true</mandatory>
        <max_length>200</max_length>
        <model display_value="Request approval">c871a2bf87363010b05b20af8bbb35c3</model>
        <model_id>c871a2bf87363010b05b20af8bbb35c3</model_id>
        <model_table>sys_hub_flow</model_table>
        <name>var__m_sys_hub_flow_input_c871a2bf87363010b05b20af8bbb35c3</name>
        <next_element/>
        <order>100</order>
        <primary>false</primary>
        <read_only>false</read_only>
        <read_roles/>
        <reference/>
        <reference_cascade_rule/>
        <reference_floats>false</reference_floats>
        <reference_key/>
        <reference_qual/>
        <reference_qual_condition/>
        <reference_type/>
        <sizeclass/>
        <spell_check>false</spell_check>
        <staged>false</staged>
        <sys_class_name>sys_hub_flow_input</sys_class_name>
        <sys_created_by>admin</sys_created_by>
        <sys_created_on>2021-10-01 19:50:47</sys_created_on>
        <sys_id>6d42eebf87363010b05b20af8bbb3555</sys_id>
        <sys_mod_count>1</sys_mod_count>
        <sys_name/>
        <sys_package/>
        <sys_policy/>
        <sys_scope display_value="Dept Request">9cf99af787363010b05b20af8bbb358d</sys_scope>
        <sys_update_name/>
        <sys_updated_by>admin</sys_updated_by>
        <sys_updated_on>2021-10-01 19:50:58</sys_updated_on>
        <table_reference>false</table_reference>
        <text_index>false</text_index>
        <unique>false</unique>
        <use_dependent_field>true</use_dependent_field>
        <use_dynamic_default>false</use_dynamic_default>
        <use_reference_qualifier>simple</use_reference_qualifier>
        <virtual>false</virtual>
        <widget/>
        <write_roles/>
        <xml_view>false</xml_view>
    </sys_hub_flow_input>
    <sys_hub_flow_input action="INSERT_OR_UPDATE">
        <active>true</active>
        <array>false</array>
        <array_denormalized>false</array_denormalized>
        <attributes>element_mapping_provider=com.glide.flow_design.action.data.FlowDesignVariableMapper,test_input_hidden=true,uiType=table_name</attributes>
        <audit>false</audit>
        <calculation><![CDATA[(function calculatedFieldValue(current) {

	// Add your code here
	return '';  // return the calculated value

})(current);]]></calculation>
        <choice/>
        <choice_field/>
        <choice_table/>
        <column_label/>
        <comments/>
        <create_roles/>
        <default_value/>
        <defaultsort/>
        <delete_roles/>
        <dependent/>
        <dependent_on_field/>
        <display>false</display>
        <dynamic_creation>false</dynamic_creation>
        <dynamic_creation_script/>
        <dynamic_default_value/>
        <dynamic_ref_qual/>
        <element>table_name</element>
        <element_reference>false</element_reference>
        <foreign_database/>
        <function_definition/>
        <function_field>false</function_field>
        <help/>
        <hint/>
        <internal_type display_value="">table_name</internal_type>
        <label>Table Name</label>
        <mandatory>false</mandatory>
        <max_length>200</max_length>
        <model display_value="Request approval">c871a2bf87363010b05b20af8bbb35c3</model>
        <model_id>c871a2bf87363010b05b20af8bbb35c3</model_id>
        <model_table>sys_hub_flow</model_table>
        <name>var__m_sys_hub_flow_input_c871a2bf87363010b05b20af8bbb35c3</name>
        <next_element/>
        <order>101</order>
        <primary>false</primary>
        <read_only>false</read_only>
        <read_roles/>
        <reference/>
        <reference_cascade_rule/>
        <reference_floats>false</reference_floats>
        <reference_key/>
        <reference_qual/>
        <reference_qual_condition/>
        <reference_type/>
        <sizeclass/>
        <spell_check>false</spell_check>
        <staged>false</staged>
        <sys_class_name>sys_hub_flow_input</sys_class_name>
        <sys_created_by>admin</sys_created_by>
        <sys_created_on>2021-10-01 19:50:48</sys_created_on>
        <sys_id>e942eebf87363010b05b20af8bbb355c</sys_id>
        <sys_mod_count>1</sys_mod_count>
        <sys_name/>
        <sys_package/>
        <sys_policy/>
        <sys_scope display_value="Dept Request">9cf99af787363010b05b20af8bbb358d</sys_scope>
        <sys_update_name/>
        <sys_updated_by>admin</sys_updated_by>
        <sys_updated_on>2021-10-01 19:50:58</sys_updated_on>
        <table_reference>false</table_reference>
        <text_index>false</text_index>
        <unique>false</unique>
        <use_dependent_field>false</use_dependent_field>
        <use_dynamic_default>false</use_dynamic_default>
        <use_reference_qualifier>simple</use_reference_qualifier>
        <virtual>false</virtual>
        <widget/>
        <write_roles/>
        <xml_view>false</xml_view>
    </sys_hub_flow_input>
    <sys_hub_action_instance action="delete_multiple" query="flow=c871a2bf87363010b05b20af8bbb35c3^sys_idNOT IN3142eebf87363010b05b20af8bbb358d,6d42eebf87363010b05b20af8bbb356a,b542eebf87363010b05b20af8bbb3584"/>
    <sys_hub_action_instance action="INSERT_OR_UPDATE">
        <action_inputs/>
        <action_inputs/>
        <action_type display_value="Update Record">f9d01dd2c31332002841b63b12d3aea1</action_type>
        <action_type_parent/>
        <comment/>
        <compiled_snapshot>f9d01dd2c31332002841b63b12d3aea1</compiled_snapshot>
        <display_text/>
        <flow display_value="Request approval">c871a2bf87363010b05b20af8bbb35c3</flow>
        <order>5</order>
        <parent_ui_id>79a1d970-ed99-4793-b175-8da8803b7926</parent_ui_id>
        <sys_class_name>sys_hub_action_instance</sys_class_name>
        <sys_created_by>admin</sys_created_by>
        <sys_created_on>2021-10-01 19:50:48</sys_created_on>
        <sys_id>3142eebf87363010b05b20af8bbb358d</sys_id>
        <sys_mod_count>8</sys_mod_count>
        <sys_scope display_value="Dept Request">9cf99af787363010b05b20af8bbb358d</sys_scope>
        <sys_updated_by>employee</sys_updated_by>
        <sys_updated_on>2021-10-04 14:10:27</sys_updated_on>
        <ui_id>b977b921-99a6-4f4f-a448-898baeb17787</ui_id>
    </sys_hub_action_instance>
    <sys_variable_value action="delete_multiple" query="document_key=3142eebf87363010b05b20af8bbb358d"/>
    <sys_variable_value action="INSERT_OR_UPDATE">
        <document>sys_hub_action_instance</document>
        <document_key>3142eebf87363010b05b20af8bbb358d</document_key>
        <order>50</order>
        <sys_class_name>sys_variable_value</sys_class_name>
        <sys_created_by>admin</sys_created_by>
        <sys_created_on>2021-10-01 19:50:48</sys_created_on>
        <sys_id>3d42eebf87363010b05b20af8bbb358e</sys_id>
        <sys_mod_count>0</sys_mod_count>
        <sys_updated_by>admin</sys_updated_by>
        <sys_updated_on>2021-10-01 19:50:48</sys_updated_on>
        <value>x_535856_dept_re_0_request</value>
        <variable display_value="Table">b5d01916c31332002841b63b12d3aec9</variable>
    </sys_variable_value>
    <sys_variable_value action="INSERT_OR_UPDATE">
        <document>sys_hub_action_instance</document>
        <document_key>3142eebf87363010b05b20af8bbb358d</document_key>
        <order>100</order>
        <sys_class_name>sys_variable_value</sys_class_name>
        <sys_created_by>admin</sys_created_by>
        <sys_created_on>2021-10-01 19:50:48</sys_created_on>
        <sys_id>7942eebf87363010b05b20af8bbb358e</sys_id>
        <sys_mod_count>0</sys_mod_count>
        <sys_updated_by>admin</sys_updated_by>
        <sys_updated_on>2021-10-01 19:50:48</sys_updated_on>
        <value>state=4</value>
        <variable display_value="Fields">02d01916c31332002841b63b12d3aeee</variable>
    </sys_variable_value>
    <sys_element_mapping action="delete_multiple" query="id=3142eebf87363010b05b20af8bbb358d"/>
    <sys_element_mapping action="INSERT_OR_UPDATE">
        <field>record</field>
        <id>3142eebf87363010b05b20af8bbb358d</id>
        <sys_created_by>admin</sys_created_by>
        <sys_created_on>2021-10-01 19:50:48</sys_created_on>
        <sys_id>3542eebf87363010b05b20af8bbb358e</sys_id>
        <sys_mod_count>0</sys_mod_count>
        <sys_updated_by>admin</sys_updated_by>
        <sys_updated_on>2021-10-01 19:50:48</sys_updated_on>
        <table>var__m_sys_hub_action_input_f9d01dd2c31332002841b63b12d3aea1</table>
        <value>{{Created_1.current}}</value>
    </sys_element_mapping>
    <sys_element_mapping action="INSERT_OR_UPDATE">
        <field>table_name</field>
        <id>3142eebf87363010b05b20af8bbb358d</id>
        <sys_created_by>admin</sys_created_by>
        <sys_created_on>2021-10-01 19:50:48</sys_created_on>
        <sys_id>7142eebf87363010b05b20af8bbb358e</sys_id>
        <sys_mod_count>0</sys_mod_count>
        <sys_updated_by>admin</sys_updated_by>
        <sys_updated_on>2021-10-01 19:50:48</sys_updated_on>
        <table>var__m_sys_hub_action_input_f9d01dd2c31332002841b63b12d3aea1</table>
        <value/>
    </sys_element_mapping>
    <sys_element_mapping action="INSERT_OR_UPDATE">
        <field>values</field>
        <id>3142eebf87363010b05b20af8bbb358d</id>
        <sys_created_by>admin</sys_created_by>
        <sys_created_on>2021-10-01 19:50:48</sys_created_on>
        <sys_id>f542eebf87363010b05b20af8bbb358e</sys_id>
        <sys_mod_count>0</sys_mod_count>
        <sys_updated_by>admin</sys_updated_by>
        <sys_updated_on>2021-10-01 19:50:48</sys_updated_on>
        <table>var__m_sys_hub_action_input_f9d01dd2c31332002841b63b12d3aea1</table>
        <value/>
    </sys_element_mapping>
    <sys_hub_action_instance action="INSERT_OR_UPDATE">
        <action_inputs/>
        <action_inputs/>
        <action_type display_value="Ask For Approval">f8f2e9920b10030085c083eb37673abd</action_type>
        <action_type_parent/>
        <comment/>
        <compiled_snapshot>f8f2e9920b10030085c083eb37673abd</compiled_snapshot>
        <display_text/>
        <flow display_value="Request approval">c871a2bf87363010b05b20af8bbb35c3</flow>
        <order>1</order>
        <parent_ui_id/>
        <sys_class_name>sys_hub_action_instance</sys_class_name>
        <sys_created_by>admin</sys_created_by>
        <sys_created_on>2021-10-01 19:50:48</sys_created_on>
        <sys_id>6d42eebf87363010b05b20af8bbb356a</sys_id>
        <sys_mod_count>8</sys_mod_count>
        <sys_scope display_value="Dept Request">9cf99af787363010b05b20af8bbb358d</sys_scope>
        <sys_updated_by>employee</sys_updated_by>
        <sys_updated_on>2021-10-04 14:10:27</sys_updated_on>
        <ui_id>43b912b5-a903-4021-ad9a-d742365327fb</ui_id>
    </sys_hub_action_instance>
    <sys_variable_value action="delete_multiple" query="document_key=6d42eebf87363010b05b20af8bbb356a"/>
    <sys_variable_value action="INSERT_OR_UPDATE">
        <document>sys_hub_action_instance</document>
        <document_key>6d42eebf87363010b05b20af8bbb356a</document_key>
        <order>3</order>
        <sys_class_name>sys_variable_value</sys_class_name>
        <sys_created_by>admin</sys_created_by>
        <sys_created_on>2021-10-01 19:50:48</sys_created_on>
        <sys_id>3142eebf87363010b05b20af8bbb357b</sys_id>
        <sys_mod_count>0</sys_mod_count>
        <sys_updated_by>admin</sys_updated_by>
        <sys_updated_on>2021-10-01 19:50:48</sys_updated_on>
        <value>approval_history</value>
        <variable display_value="Journal Field">c1f2e9920b10030085c083eb37673ae3</variable>
    </sys_variable_value>
    <sys_variable_value action="INSERT_OR_UPDATE">
        <document>sys_hub_action_instance</document>
        <document_key>6d42eebf87363010b05b20af8bbb356a</document_key>
        <order>2</order>
        <sys_class_name>sys_variable_value</sys_class_name>
        <sys_created_by>admin</sys_created_by>
        <sys_created_on>2021-10-01 19:50:48</sys_created_on>
        <sys_id>7d42eebf87363010b05b20af8bbb357a</sys_id>
        <sys_mod_count>0</sys_mod_count>
        <sys_updated_by>admin</sys_updated_by>
        <sys_updated_on>2021-10-01 19:50:48</sys_updated_on>
        <value>approval</value>
        <variable display_value="Approval Field">01f2e9920b10030085c083eb37673ad8</variable>
    </sys_variable_value>
    <sys_variable_value action="INSERT_OR_UPDATE">
        <document>sys_hub_action_instance</document>
        <document_key>6d42eebf87363010b05b20af8bbb356a</document_key>
        <order>1</order>
        <sys_class_name>sys_variable_value</sys_class_name>
        <sys_created_by>admin</sys_created_by>
        <sys_created_on>2021-10-01 19:50:48</sys_created_on>
        <sys_id>b542eebf87363010b05b20af8bbb357b</sys_id>
        <sys_mod_count>0</sys_mod_count>
        <sys_updated_by>admin</sys_updated_by>
        <sys_updated_on>2021-10-01 19:50:48</sys_updated_on>
        <value>x_535856_dept_re_0_request</value>
        <variable display_value="Table">bcf2e9920b10030085c083eb37673acc</variable>
    </sys_variable_value>
    <sys_variable_value action="INSERT_OR_UPDATE">
        <document>sys_hub_action_instance</document>
        <document_key>6d42eebf87363010b05b20af8bbb356a</document_key>
        <order>5</order>
        <sys_class_name>sys_variable_value</sys_class_name>
        <sys_created_by>admin</sys_created_by>
        <sys_created_on>2021-10-01 19:50:48</sys_created_on>
        <sys_id>f142eebf87363010b05b20af8bbb357b</sys_id>
        <sys_mod_count>0</sys_mod_count>
        <sys_updated_by>admin</sys_updated_by>
        <sys_updated_on>2021-10-01 19:50:48</sys_updated_on>
        <value/>
        <variable display_value="Due Date">c5f2e9920b10030085c083eb37673af9</variable>
    </sys_variable_value>
    <sys_element_mapping action="delete_multiple" query="id=6d42eebf87363010b05b20af8bbb356a"/>
    <sys_element_mapping action="INSERT_OR_UPDATE">
        <field>approval_conditions</field>
        <id>6d42eebf87363010b05b20af8bbb356a</id>
        <sys_created_by>admin</sys_created_by>
        <sys_created_on>2021-10-01 19:50:48</sys_created_on>
        <sys_id>3942eebf87363010b05b20af8bbb357a</sys_id>
        <sys_mod_count>0</sys_mod_count>
        <sys_updated_by>admin</sys_updated_by>
        <sys_updated_on>2021-10-01 19:50:48</sys_updated_on>
        <table>var__m_sys_hub_action_input_f8f2e9920b10030085c083eb37673abd</table>
        <value>ApprovesAnyG[{{Created_1.current.type.approval_group}}]OrRejectsAnyG[{{Created_1.current.type.approval_group}}]</value>
    </sys_element_mapping>
    <sys_element_mapping action="INSERT_OR_UPDATE">
        <field>approval_field</field>
        <id>6d42eebf87363010b05b20af8bbb356a</id>
        <sys_created_by>admin</sys_created_by>
        <sys_created_on>2021-10-01 19:50:48</sys_created_on>
        <sys_id>fd42eebf87363010b05b20af8bbb356c</sys_id>
        <sys_mod_count>0</sys_mod_count>
        <sys_updated_by>admin</sys_updated_by>
        <sys_updated_on>2021-10-01 19:50:48</sys_updated_on>
        <table>var__m_sys_hub_action_input_f8f2e9920b10030085c083eb37673abd</table>
        <value/>
    </sys_element_mapping>
    <sys_element_mapping action="INSERT_OR_UPDATE">
        <field>due_date</field>
        <id>6d42eebf87363010b05b20af8bbb356a</id>
        <sys_created_by>admin</sys_created_by>
        <sys_created_on>2021-10-01 19:50:48</sys_created_on>
        <sys_id>7542eebf87363010b05b20af8bbb357a</sys_id>
        <sys_mod_count>0</sys_mod_count>
        <sys_updated_by>admin</sys_updated_by>
        <sys_updated_on>2021-10-01 19:50:48</sys_updated_on>
        <table>var__m_sys_hub_action_input_f8f2e9920b10030085c083eb37673abd</table>
        <value>{"action":"none","date_type":"actual","date":"{{}}","duration":1,"duration_type":"days","schedule":"","schedule_label":""}</value>
    </sys_element_mapping>
    <sys_element_mapping action="INSERT_OR_UPDATE">
        <field>journal_field</field>
        <id>6d42eebf87363010b05b20af8bbb356a</id>
        <sys_created_by>admin</sys_created_by>
        <sys_created_on>2021-10-01 19:50:48</sys_created_on>
        <sys_id>fd42eebf87363010b05b20af8bbb3579</sys_id>
        <sys_mod_count>0</sys_mod_count>
        <sys_updated_by>admin</sys_updated_by>
        <sys_updated_on>2021-10-01 19:50:48</sys_updated_on>
        <table>var__m_sys_hub_action_input_f8f2e9920b10030085c083eb37673abd</table>
        <value/>
    </sys_element_mapping>
    <sys_element_mapping action="INSERT_OR_UPDATE">
        <field>record</field>
        <id>6d42eebf87363010b05b20af8bbb356a</id>
        <sys_created_by>admin</sys_created_by>
        <sys_created_on>2021-10-01 19:50:48</sys_created_on>
        <sys_id>b142eebf87363010b05b20af8bbb357a</sys_id>
        <sys_mod_count>0</sys_mod_count>
        <sys_updated_by>admin</sys_updated_by>
        <sys_updated_on>2021-10-01 19:50:48</sys_updated_on>
        <table>var__m_sys_hub_action_input_f8f2e9920b10030085c083eb37673abd</table>
        <value>{{Created_1.current}}</value>
    </sys_element_mapping>
    <sys_element_mapping action="INSERT_OR_UPDATE">
        <field>table</field>
        <id>6d42eebf87363010b05b20af8bbb356a</id>
        <sys_created_by>admin</sys_created_by>
        <sys_created_on>2021-10-01 19:50:48</sys_created_on>
        <sys_id>f942eebf87363010b05b20af8bbb357a</sys_id>
        <sys_mod_count>0</sys_mod_count>
        <sys_updated_by>admin</sys_updated_by>
        <sys_updated_on>2021-10-01 19:50:48</sys_updated_on>
        <table>var__m_sys_hub_action_input_f8f2e9920b10030085c083eb37673abd</table>
        <value/>
    </sys_element_mapping>
    <sys_hub_action_instance action="INSERT_OR_UPDATE">
        <action_inputs/>
        <action_inputs/>
        <action_type display_value="Update Record">f9d01dd2c31332002841b63b12d3aea1</action_type>
        <action_type_parent/>
        <comment/>
        <compiled_snapshot>f9d01dd2c31332002841b63b12d3aea1</compiled_snapshot>
        <display_text/>
        <flow display_value="Request approval">c871a2bf87363010b05b20af8bbb35c3</flow>
        <order>3</order>
        <parent_ui_id>bab5bad1-e550-461a-8507-1e273b735adf</parent_ui_id>
        <sys_class_name>sys_hub_action_instance</sys_class_name>
        <sys_created_by>admin</sys_created_by>
        <sys_created_on>2021-10-01 19:50:48</sys_created_on>
        <sys_id>b542eebf87363010b05b20af8bbb3584</sys_id>
        <sys_mod_count>8</sys_mod_count>
        <sys_scope display_value="Dept Request">9cf99af787363010b05b20af8bbb358d</sys_scope>
        <sys_updated_by>employee</sys_updated_by>
        <sys_updated_on>2021-10-04 14:10:27</sys_updated_on>
        <ui_id>2ebabbc0-7553-437f-af5e-234788045c9a</ui_id>
    </sys_hub_action_instance>
    <sys_variable_value action="delete_multiple" query="document_key=b542eebf87363010b05b20af8bbb3584"/>
    <sys_variable_value action="INSERT_OR_UPDATE">
        <document>sys_hub_action_instance</document>
        <document_key>b542eebf87363010b05b20af8bbb3584</document_key>
        <order>50</order>
        <sys_class_name>sys_variable_value</sys_class_name>
        <sys_created_by>admin</sys_created_by>
        <sys_created_on>2021-10-01 19:50:48</sys_created_on>
        <sys_id>b542eebf87363010b05b20af8bbb3586</sys_id>
        <sys_mod_count>0</sys_mod_count>
        <sys_updated_by>admin</sys_updated_by>
        <sys_updated_on>2021-10-01 19:50:48</sys_updated_on>
        <value>x_535856_dept_re_0_request</value>
        <variable display_value="Table">b5d01916c31332002841b63b12d3aec9</variable>
    </sys_variable_value>
    <sys_element_mapping action="delete_multiple" query="id=b542eebf87363010b05b20af8bbb3584"/>
    <sys_element_mapping action="INSERT_OR_UPDATE">
        <field>record</field>
        <id>b542eebf87363010b05b20af8bbb3584</id>
        <sys_created_by>admin</sys_created_by>
        <sys_created_on>2021-10-01 19:50:48</sys_created_on>
        <sys_id>7142eebf87363010b05b20af8bbb3586</sys_id>
        <sys_mod_count>0</sys_mod_count>
        <sys_updated_by>admin</sys_updated_by>
        <sys_updated_on>2021-10-01 19:50:48</sys_updated_on>
        <table>var__m_sys_hub_action_input_f9d01dd2c31332002841b63b12d3aea1</table>
        <value>{{Created_1.current}}</value>
    </sys_element_mapping>
    <sys_element_mapping action="INSERT_OR_UPDATE">
        <field>table_name</field>
        <id>b542eebf87363010b05b20af8bbb3584</id>
        <sys_created_by>admin</sys_created_by>
        <sys_created_on>2021-10-01 19:50:48</sys_created_on>
        <sys_id>bd42eebf87363010b05b20af8bbb3585</sys_id>
        <sys_mod_count>0</sys_mod_count>
        <sys_updated_by>admin</sys_updated_by>
        <sys_updated_on>2021-10-01 19:50:48</sys_updated_on>
        <table>var__m_sys_hub_action_input_f9d01dd2c31332002841b63b12d3aea1</table>
        <value/>
    </sys_element_mapping>
    <sys_element_mapping action="INSERT_OR_UPDATE">
        <field>values</field>
        <id>b542eebf87363010b05b20af8bbb3584</id>
        <sys_created_by>admin</sys_created_by>
        <sys_created_on>2021-10-01 19:50:48</sys_created_on>
        <sys_id>3542eebf87363010b05b20af8bbb3586</sys_id>
        <sys_mod_count>0</sys_mod_count>
        <sys_updated_by>admin</sys_updated_by>
        <sys_updated_on>2021-10-01 19:50:48</sys_updated_on>
        <table>var__m_sys_hub_action_input_f9d01dd2c31332002841b63b12d3aea1</table>
        <value>state=2^assignment_group={{Created_1.current.type.fulfillment_group}}</value>
    </sys_element_mapping>
    <sys_hub_flow_logic action="delete_multiple" query="flow=c871a2bf87363010b05b20af8bbb35c3^sys_idNOT IN3942eebf87363010b05b20af8bbb357c,b142eebf87363010b05b20af8bbb3587"/>
    <sys_hub_flow_logic action="INSERT_OR_UPDATE">
        <block display_value="">3d42eebf87363010b05b20af8bbb357b</block>
        <comment/>
        <connected_to/>
        <decision_table/>
        <decision_table_inputs/>
        <display_text/>
        <extended_inputs/>
        <flow display_value="Request approval">c871a2bf87363010b05b20af8bbb35c3</flow>
        <flow_variable/>
        <flow_variables_assigned/>
        <inputs/>
        <inputs/>
        <logic_definition display_value="If">af4e1945c3e232002841b63b12d3ae3e</logic_definition>
        <order>2</order>
        <outputs_assigned/>
        <outputs_to_assign/>
        <parent_ui_id/>
        <sys_class_name>sys_hub_flow_logic</sys_class_name>
        <sys_created_by>admin</sys_created_by>
        <sys_created_on>2021-10-01 19:50:48</sys_created_on>
        <sys_id>3942eebf87363010b05b20af8bbb357c</sys_id>
        <sys_mod_count>3</sys_mod_count>
        <sys_scope display_value="Dept Request">9cf99af787363010b05b20af8bbb358d</sys_scope>
        <sys_updated_by>admin</sys_updated_by>
        <sys_updated_on>2021-10-01 19:50:58</sys_updated_on>
        <ui_id>bab5bad1-e550-461a-8507-1e273b735adf</ui_id>
        <workflow_inputs/>
        <workflow_reference/>
    </sys_hub_flow_logic>
    <sys_variable_value action="delete_multiple" query="document_key=3942eebf87363010b05b20af8bbb357c"/>
    <sys_element_mapping action="delete_multiple" query="id=3942eebf87363010b05b20af8bbb357c"/>
    <sys_element_mapping action="INSERT_OR_UPDATE">
        <field>condition</field>
        <id>3942eebf87363010b05b20af8bbb357c</id>
        <sys_created_by>admin</sys_created_by>
        <sys_created_on>2021-10-01 19:50:48</sys_created_on>
        <sys_id>7542eebf87363010b05b20af8bbb3580</sys_id>
        <sys_mod_count>0</sys_mod_count>
        <sys_updated_by>admin</sys_updated_by>
        <sys_updated_on>2021-10-01 19:50:48</sys_updated_on>
        <table>var__m_sys_hub_flow_logic_input_af4e1945c3e232002841b63b12d3ae3e</table>
        <value>{{43b912b5-a903-4021-ad9a-d742365327fb.approval_state}}=approved</value>
    </sys_element_mapping>
    <sys_hub_flow_logic action="INSERT_OR_UPDATE">
        <block display_value="">3d42eebf87363010b05b20af8bbb3586</block>
        <comment/>
        <connected_to>bab5bad1-e550-461a-8507-1e273b735adf</connected_to>
        <decision_table/>
        <decision_table_inputs/>
        <display_text/>
        <extended_inputs/>
        <flow display_value="Request approval">c871a2bf87363010b05b20af8bbb35c3</flow>
        <flow_variable/>
        <flow_variables_assigned/>
        <inputs/>
        <logic_definition display_value="Else">1f781bf3c32232002841b63b12d3aee6</logic_definition>
        <order>4</order>
        <outputs_assigned/>
        <outputs_to_assign/>
        <parent_ui_id/>
        <sys_class_name>sys_hub_flow_logic</sys_class_name>
        <sys_created_by>admin</sys_created_by>
        <sys_created_on>2021-10-01 19:50:48</sys_created_on>
        <sys_id>b142eebf87363010b05b20af8bbb3587</sys_id>
        <sys_mod_count>3</sys_mod_count>
        <sys_scope display_value="Dept Request">9cf99af787363010b05b20af8bbb358d</sys_scope>
        <sys_updated_by>admin</sys_updated_by>
        <sys_updated_on>2021-10-01 19:50:59</sys_updated_on>
        <ui_id>79a1d970-ed99-4793-b175-8da8803b7926</ui_id>
        <workflow_inputs/>
        <workflow_reference/>
    </sys_hub_flow_logic>
    <sys_variable_value action="delete_multiple" query="document_key=b142eebf87363010b05b20af8bbb3587"/>
    <sys_documentation action="delete_multiple" query="name=var__m_sys_hub_flow_input_c871a2bf87363010b05b20af8bbb35c3^sys_idNOT IN2542eebf87363010b05b20af8bbb355b,6942eebf87363010b05b20af8bbb3560"/>
    <sys_documentation action="INSERT_OR_UPDATE">
        <element>current</element>
        <help/>
        <hint/>
        <label>Record</label>
        <language>en</language>
        <name>var__m_sys_hub_flow_input_c871a2bf87363010b05b20af8bbb35c3</name>
        <plural/>
        <sys_class_name>sys_documentation</sys_class_name>
        <sys_created_by>admin</sys_created_by>
        <sys_created_on>2021-10-01 19:50:48</sys_created_on>
        <sys_id>2542eebf87363010b05b20af8bbb355b</sys_id>
        <sys_mod_count>0</sys_mod_count>
        <sys_name/>
        <sys_package display_value="Dept Request" source="x_535856_dept_re_0">9cf99af787363010b05b20af8bbb358d</sys_package>
        <sys_policy/>
        <sys_scope display_value="Dept Request">9cf99af787363010b05b20af8bbb358d</sys_scope>
        <sys_update_name/>
        <sys_updated_by>admin</sys_updated_by>
        <sys_updated_on>2021-10-01 19:50:48</sys_updated_on>
        <url/>
        <url_target/>
    </sys_documentation>
    <sys_documentation action="INSERT_OR_UPDATE">
        <element>table_name</element>
        <help/>
        <hint/>
        <label>Table Name</label>
        <language>en</language>
        <name>var__m_sys_hub_flow_input_c871a2bf87363010b05b20af8bbb35c3</name>
        <plural/>
        <sys_class_name>sys_documentation</sys_class_name>
        <sys_created_by>admin</sys_created_by>
        <sys_created_on>2021-10-01 19:50:48</sys_created_on>
        <sys_id>6942eebf87363010b05b20af8bbb3560</sys_id>
        <sys_mod_count>0</sys_mod_count>
        <sys_name/>
        <sys_package display_value="Dept Request" source="x_535856_dept_re_0">9cf99af787363010b05b20af8bbb358d</sys_package>
        <sys_policy/>
        <sys_scope display_value="Dept Request">9cf99af787363010b05b20af8bbb358d</sys_scope>
        <sys_update_name/>
        <sys_updated_by>admin</sys_updated_by>
        <sys_updated_on>2021-10-01 19:50:48</sys_updated_on>
        <url/>
        <url_target/>
    </sys_documentation>
    <sys_flow_trigger_plan action="delete_multiple" query="plan_id=c871a2bf87363010b05b20af8bbb35c3^sys_idNOT IN4852a2ff87363010b05b20af8bbb35c1"/>
    <sys_flow_trigger_plan action="INSERT_OR_UPDATE">
        <binding_strategy>com.snc.process_flow.engine.binding.OncePerRecord</binding_strategy>
        <plan>{"persistor":{"@class":".ChunkingPlanPersistor","table":"sys_flow_trigger_plan","id":"4852a2ff87363010b05b20af8bbb35c1","name":"plan","plan_signature":null}}</plan>
        <plan_id>c871a2bf87363010b05b20af8bbb35c3</plan_id>
        <snapshot>5121707887433010b05b20af8bbb3510</snapshot>
        <sys_created_by>admin</sys_created_by>
        <sys_created_on>2021-10-01 19:50:58</sys_created_on>
        <sys_domain>global</sys_domain>
        <sys_domain_path>/</sys_domain_path>
        <sys_id>4852a2ff87363010b05b20af8bbb35c1</sys_id>
        <sys_mod_count>0</sys_mod_count>
        <sys_overrides/>
        <sys_scope/>
        <sys_updated_by>admin</sys_updated_by>
        <sys_updated_on>2021-10-01 19:50:58</sys_updated_on>
        <trigger display_value="">8452a2ff87363010b05b20af8bbb35bf</trigger>
    </sys_flow_trigger_plan>
    <sys_hub_flow_snapshot action="INSERT_OR_UPDATE">
        <access>public</access>
        <acls/>
        <active>true</active>
        <annotation/>
        <callable_by_client_api>false</callable_by_client_api>
        <category/>
        <copied_from/>
        <copied_from_name/>
        <description>Sends an approval to the approving group upon request creation</description>
        <internal_name>request_approval</internal_name>
        <label_cache>[{"name":"b977b921-99a6-4f4f-a448-898baeb17787.__dont_treat_as_error__","label":"5➛Don\u0027t Treat as Error","reference_display":"Don\u0027t Treat as Error","type":"boolean","base_type":"boolean","attributes":{"element_mapping_provider":"com.glide.flow_design.action.data.FlowDesignVariableMapper","uiType":"boolean","visible_in_ui":"false","action_error_output":"true"}},{"name":"b977b921-99a6-4f4f-a448-898baeb17787.__action_status__","label":"5➛Action Status","reference_display":"Action Status","type":"object","base_type":"object","attributes":{"co_type_name":"FDACTIONSTATUS","element_mapping_provider":"com.glide.flow_design.action.data.FlowDesignVariableMapper","uiType":"object","action_error_output":"true"}},{"name":"b977b921-99a6-4f4f-a448-898baeb17787.table_name","label":"5➛Request Table","reference":"x_535856_dept_re_0_request","reference_display":"Request","type":"table_name","base_type":"table_name","attributes":{"element_mapping_provider":"com.glide.flow_design.action.data.FlowDesignVariableMapper"}},{"name":"b977b921-99a6-4f4f-a448-898baeb17787.record","label":"5➛Request Record","reference":"x_535856_dept_re_0_request","reference_display":"Request","type":"reference","base_type":"reference","attributes":{"element_mapping_provider":"com.glide.flow_design.action.data.FlowDesignVariableMapper"}},{"name":"Created_1.current.type.fulfillment_group","label":"Trigger➛Request Record➛Type➛Fulfillment group","reference":"sys_user_group","reference_display":"Group","type":"reference","base_type":"reference","parent_table_name":"x_535856_dept_re_0_type","column_name":"fulfillment_group"},{"name":"2ebabbc0-7553-437f-af5e-234788045c9a.__dont_treat_as_error__","label":"3➛Don\u0027t Treat as Error","reference_display":"Don\u0027t Treat as Error","type":"boolean","base_type":"boolean","attributes":{"element_mapping_provider":"com.glide.flow_design.action.data.FlowDesignVariableMapper","uiType":"boolean","visible_in_ui":"false","action_error_output":"true"}},{"name":"2ebabbc0-7553-437f-af5e-234788045c9a.__action_status__","label":"3➛Action Status","reference_display":"Action Status","type":"object","base_type":"object","attributes":{"co_type_name":"FDACTIONSTATUS","element_mapping_provider":"com.glide.flow_design.action.data.FlowDesignVariableMapper","uiType":"object","action_error_output":"true"}},{"name":"2ebabbc0-7553-437f-af5e-234788045c9a.table_name","label":"3➛Request Table","reference":"x_535856_dept_re_0_request","reference_display":"Request","type":"table_name","base_type":"table_name","attributes":{"element_mapping_provider":"com.glide.flow_design.action.data.FlowDesignVariableMapper"}},{"name":"2ebabbc0-7553-437f-af5e-234788045c9a.record","label":"3➛Request Record","reference":"x_535856_dept_re_0_request","reference_display":"Request","type":"reference","base_type":"reference","attributes":{"element_mapping_provider":"com.glide.flow_design.action.data.FlowDesignVariableMapper"}},{"name":"Created_1.current.type.approval_group","label":"Trigger➛Request Record➛Type➛Approval group","reference":"sys_user_group","reference_display":"Group","type":"reference","base_type":"reference","parent_table_name":"x_535856_dept_re_0_type","column_name":"approval_group"},{"name":"Created_1.current","label":"Trigger➛Request Record","reference":"x_535856_dept_re_0_request","reference_display":"Request","type":"reference","base_type":"reference","attributes":{}},{"name":"43b912b5-a903-4021-ad9a-d742365327fb.__dont_treat_as_error__","label":"1➛Don\u0027t Treat as Error","reference_display":"Don\u0027t Treat as Error","type":"boolean","base_type":"boolean","attributes":{"element_mapping_provider":"com.glide.flow_design.action.data.FlowDesignVariableMapper","uiType":"boolean","visible_in_ui":"false","action_error_output":"true"}},{"name":"43b912b5-a903-4021-ad9a-d742365327fb.__action_status__","label":"1➛Action Status","reference_display":"Action Status","type":"object","base_type":"object","attributes":{"co_type_name":"FDACTIONSTATUS","element_mapping_provider":"com.glide.flow_design.action.data.FlowDesignVariableMapper","uiType":"object","action_error_output":"true"}},{"name":"43b912b5-a903-4021-ad9a-d742365327fb.approval_state","label":"1➛Approval State","reference_display":"Approval State","type":"choice","base_type":"choice","attributes":{"element_mapping_provider":"com.glide.flow_design.action.data.FlowDesignVariableMapper"}}]</label_cache>
        <master>true</master>
        <name>Request approval</name>
        <natlang/>
        <outputs/>
        <parent_flow display_value="Request approval">c871a2bf87363010b05b20af8bbb35c3</parent_flow>
        <remote_trigger_id/>
        <run_as>user</run_as>
        <run_with_roles/>
        <sc_callable>false</sc_callable>
        <status>published</status>
        <sys_class_name>sys_hub_flow_snapshot</sys_class_name>
        <sys_created_by>admin</sys_created_by>
        <sys_created_on>2021-10-01 19:50:56</sys_created_on>
        <sys_domain>global</sys_domain>
        <sys_domain_path>/</sys_domain_path>
        <sys_id>ef4222ff87363010b05b20af8bbb35af</sys_id>
        <sys_mod_count>0</sys_mod_count>
        <sys_name/>
        <sys_overrides/>
        <sys_package/>
        <sys_policy/>
        <sys_scope display_value="Dept Request">9cf99af787363010b05b20af8bbb358d</sys_scope>
        <sys_update_name/>
        <sys_updated_by>admin</sys_updated_by>
        <sys_updated_on>2021-10-01 19:50:56</sys_updated_on>
        <type>flow</type>
    </sys_hub_flow_snapshot>
    <sys_translated_text action="delete_multiple" query="documentkey=ef4222ff87363010b05b20af8bbb35af"/>
    <sys_variable_value action="delete_multiple" query="document_key=ef4222ff87363010b05b20af8bbb35af"/>
    <sys_hub_trigger_instance action="delete_multiple" query="flow=ef4222ff87363010b05b20af8bbb35af^sys_idNOT INcc52a2ff87363010b05b20af8bbb359c"/>
    <sys_hub_trigger_instance action="INSERT_OR_UPDATE">
        <comment/>
        <display_text/>
        <flow display_value="Request approval">ef4222ff87363010b05b20af8bbb35af</flow>
        <name>Created</name>
        <remote_sys_id/>
        <sys_created_by>admin</sys_created_by>
        <sys_created_on>2021-10-01 19:50:57</sys_created_on>
        <sys_id>cc52a2ff87363010b05b20af8bbb359c</sys_id>
        <sys_mod_count>2</sys_mod_count>
        <sys_scope/>
        <sys_updated_by>admin</sys_updated_by>
        <sys_updated_on>2021-10-01 19:50:58</sys_updated_on>
        <trigger_definition display_value="Created">798916a0c31322002841b63b12d3ae7c</trigger_definition>
        <trigger_inputs/>
        <trigger_outputs/>
        <trigger_type>record_create</trigger_type>
    </sys_hub_trigger_instance>
    <sys_variable_value action="delete_multiple" query="document_key=cc52a2ff87363010b05b20af8bbb359c"/>
    <sys_variable_value action="INSERT_OR_UPDATE">
        <document>sys_hub_trigger_instance</document>
        <document_key>cc52a2ff87363010b05b20af8bbb359c</document_key>
        <order>1</order>
        <sys_class_name>sys_variable_value</sys_class_name>
        <sys_created_by>admin</sys_created_by>
        <sys_created_on>2021-10-01 19:50:57</sys_created_on>
        <sys_id>8452a2ff87363010b05b20af8bbb359e</sys_id>
        <sys_mod_count>0</sys_mod_count>
        <sys_updated_by>admin</sys_updated_by>
        <sys_updated_on>2021-10-01 19:50:57</sys_updated_on>
        <value>x_535856_dept_re_0_request</value>
        <variable display_value="Table">cfca92e0c31322002841b63b12d3ae00</variable>
    </sys_variable_value>
    <sys_variable_value action="INSERT_OR_UPDATE">
        <document>sys_hub_trigger_instance</document>
        <document_key>cc52a2ff87363010b05b20af8bbb359c</document_key>
        <order>100</order>
        <sys_class_name>sys_variable_value</sys_class_name>
        <sys_created_by>admin</sys_created_by>
        <sys_created_on>2021-10-01 19:50:57</sys_created_on>
        <sys_id>c052a2ff87363010b05b20af8bbb359e</sys_id>
        <sys_mod_count>0</sys_mod_count>
        <sys_updated_by>admin</sys_updated_by>
        <sys_updated_on>2021-10-01 19:50:57</sys_updated_on>
        <value>typeISNOTEMPTY</value>
        <variable display_value="Condition">66aadea0c31322002841b63b12d3aebf</variable>
    </sys_variable_value>
    <sys_flow_cat_variable_model action="delete_multiple" query="id=ef4222ff87363010b05b20af8bbb35af^sys_idNOT IN634222ff87363010b05b20af8bbb35b1"/>
    <sys_flow_cat_variable_model action="INSERT_OR_UPDATE">
        <id>ef4222ff87363010b05b20af8bbb35af</id>
        <name>Request approval</name>
        <sys_created_by>admin</sys_created_by>
        <sys_created_on>2021-10-01 19:50:56</sys_created_on>
        <sys_id>634222ff87363010b05b20af8bbb35b1</sys_id>
        <sys_mod_count>0</sys_mod_count>
        <sys_scope/>
        <sys_updated_by>admin</sys_updated_by>
        <sys_updated_on>2021-10-01 19:50:56</sys_updated_on>
    </sys_flow_cat_variable_model>
    <sys_hub_flow_input action="delete_multiple" query="model=ef4222ff87363010b05b20af8bbb35af^sys_idNOT IN7342a2ff87363010b05b20af8bbb355a,e34222ff87363010b05b20af8bbb35b2"/>
    <sys_hub_flow_input action="INSERT_OR_UPDATE">
        <active>true</active>
        <array>false</array>
        <array_denormalized>false</array_denormalized>
        <attributes>element_mapping_provider=com.glide.flow_design.action.data.FlowDesignVariableMapper,test_input_hidden=true,uiType=table_name,uiTypeLabel=Table Name</attributes>
        <audit>false</audit>
        <calculation><![CDATA[(function calculatedFieldValue(current) {

	// Add your code here
	return '';  // return the calculated value

})(current);]]></calculation>
        <choice/>
        <choice_field/>
        <choice_table/>
        <column_label/>
        <comments/>
        <create_roles/>
        <default_value/>
        <defaultsort/>
        <delete_roles/>
        <dependent/>
        <dependent_on_field/>
        <display>false</display>
        <dynamic_creation>false</dynamic_creation>
        <dynamic_creation_script/>
        <dynamic_default_value/>
        <dynamic_ref_qual/>
        <element>table_name</element>
        <element_reference>false</element_reference>
        <foreign_database/>
        <function_definition/>
        <function_field>false</function_field>
        <help/>
        <hint/>
        <internal_type display_value="">table_name</internal_type>
        <label>Table Name</label>
        <mandatory>false</mandatory>
        <max_length>200</max_length>
        <model display_value="Request approval">ef4222ff87363010b05b20af8bbb35af</model>
        <model_id>ef4222ff87363010b05b20af8bbb35af</model_id>
        <model_table>sys_hub_flow_snapshot</model_table>
        <name>var__m_sys_hub_flow_input_ef4222ff87363010b05b20af8bbb35af</name>
        <next_element/>
        <order>101</order>
        <primary>false</primary>
        <read_only>false</read_only>
        <read_roles/>
        <reference/>
        <reference_cascade_rule/>
        <reference_floats>false</reference_floats>
        <reference_key/>
        <reference_qual/>
        <reference_qual_condition/>
        <reference_type/>
        <sizeclass/>
        <spell_check>false</spell_check>
        <staged>false</staged>
        <sys_class_name>sys_hub_flow_input</sys_class_name>
        <sys_created_by>admin</sys_created_by>
        <sys_created_on>2021-10-01 19:50:57</sys_created_on>
        <sys_id>7342a2ff87363010b05b20af8bbb355a</sys_id>
        <sys_mod_count>0</sys_mod_count>
        <sys_name/>
        <sys_package/>
        <sys_policy/>
        <sys_scope display_value="Dept Request">9cf99af787363010b05b20af8bbb358d</sys_scope>
        <sys_update_name/>
        <sys_updated_by>admin</sys_updated_by>
        <sys_updated_on>2021-10-01 19:50:57</sys_updated_on>
        <table_reference>false</table_reference>
        <text_index>false</text_index>
        <unique>false</unique>
        <use_dependent_field>false</use_dependent_field>
        <use_dynamic_default>false</use_dynamic_default>
        <use_reference_qualifier>simple</use_reference_qualifier>
        <virtual>false</virtual>
        <widget/>
        <write_roles/>
        <xml_view>false</xml_view>
    </sys_hub_flow_input>
    <sys_hub_flow_input action="INSERT_OR_UPDATE">
        <active>true</active>
        <array>false</array>
        <array_denormalized>false</array_denormalized>
        <attributes>element_mapping_provider=com.glide.flow_design.action.data.FlowDesignVariableMapper,uiType=document_id,uiTypeLabel=Document ID</attributes>
        <audit>false</audit>
        <calculation><![CDATA[(function calculatedFieldValue(current) {

	// Add your code here
	return '';  // return the calculated value

})(current);]]></calculation>
        <choice/>
        <choice_field/>
        <choice_table/>
        <column_label/>
        <comments/>
        <create_roles/>
        <default_value/>
        <defaultsort/>
        <delete_roles/>
        <dependent>table_name</dependent>
        <dependent_on_field>table_name</dependent_on_field>
        <display>false</display>
        <dynamic_creation>false</dynamic_creation>
        <dynamic_creation_script/>
        <dynamic_default_value/>
        <dynamic_ref_qual/>
        <element>current</element>
        <element_reference>false</element_reference>
        <foreign_database/>
        <function_definition/>
        <function_field>false</function_field>
        <help/>
        <hint/>
        <internal_type display_value="">document_id</internal_type>
        <label>Record</label>
        <mandatory>true</mandatory>
        <max_length>200</max_length>
        <model display_value="Request approval">ef4222ff87363010b05b20af8bbb35af</model>
        <model_id>ef4222ff87363010b05b20af8bbb35af</model_id>
        <model_table>sys_hub_flow_snapshot</model_table>
        <name>var__m_sys_hub_flow_input_ef4222ff87363010b05b20af8bbb35af</name>
        <next_element/>
        <order>100</order>
        <primary>false</primary>
        <read_only>false</read_only>
        <read_roles/>
        <reference/>
        <reference_cascade_rule/>
        <reference_floats>false</reference_floats>
        <reference_key/>
        <reference_qual/>
        <reference_qual_condition/>
        <reference_type/>
        <sizeclass/>
        <spell_check>false</spell_check>
        <staged>false</staged>
        <sys_class_name>sys_hub_flow_input</sys_class_name>
        <sys_created_by>admin</sys_created_by>
        <sys_created_on>2021-10-01 19:50:56</sys_created_on>
        <sys_id>e34222ff87363010b05b20af8bbb35b2</sys_id>
        <sys_mod_count>0</sys_mod_count>
        <sys_name/>
        <sys_package/>
        <sys_policy/>
        <sys_scope display_value="Dept Request">9cf99af787363010b05b20af8bbb358d</sys_scope>
        <sys_update_name/>
        <sys_updated_by>admin</sys_updated_by>
        <sys_updated_on>2021-10-01 19:50:56</sys_updated_on>
        <table_reference>false</table_reference>
        <text_index>false</text_index>
        <unique>false</unique>
        <use_dependent_field>true</use_dependent_field>
        <use_dynamic_default>false</use_dynamic_default>
        <use_reference_qualifier>simple</use_reference_qualifier>
        <virtual>false</virtual>
        <widget/>
        <write_roles/>
        <xml_view>false</xml_view>
    </sys_hub_flow_input>
    <sys_hub_action_instance action="delete_multiple" query="flow=ef4222ff87363010b05b20af8bbb35af^sys_idNOT IN0852a2ff87363010b05b20af8bbb357c,bf42a2ff87363010b05b20af8bbb3573,cc52a2ff87363010b05b20af8bbb359a"/>
    <sys_hub_action_instance action="INSERT_OR_UPDATE">
        <action_inputs/>
        <action_inputs/>
        <action_type display_value="Update Record">f9d01dd2c31332002841b63b12d3aea1</action_type>
        <action_type_parent display_value="Update Record">baf174c8c3c232002841b63b12d3aee4</action_type_parent>
        <comment/>
        <compiled_snapshot>f9d01dd2c31332002841b63b12d3aea1</compiled_snapshot>
        <display_text/>
        <flow display_value="Request approval">ef4222ff87363010b05b20af8bbb35af</flow>
        <order>3</order>
        <parent_ui_id>bab5bad1-e550-461a-8507-1e273b735adf</parent_ui_id>
        <sys_class_name>sys_hub_action_instance</sys_class_name>
        <sys_created_by>admin</sys_created_by>
        <sys_created_on>2021-10-01 19:50:57</sys_created_on>
        <sys_id>0852a2ff87363010b05b20af8bbb357c</sys_id>
        <sys_mod_count>2</sys_mod_count>
        <sys_scope display_value="Dept Request">9cf99af787363010b05b20af8bbb358d</sys_scope>
        <sys_updated_by>admin</sys_updated_by>
        <sys_updated_on>2021-10-01 19:50:57</sys_updated_on>
        <ui_id>2ebabbc0-7553-437f-af5e-234788045c9a</ui_id>
    </sys_hub_action_instance>
    <sys_variable_value action="delete_multiple" query="document_key=0852a2ff87363010b05b20af8bbb357c"/>
    <sys_variable_value action="INSERT_OR_UPDATE">
        <document>sys_hub_action_instance</document>
        <document_key>0852a2ff87363010b05b20af8bbb357c</document_key>
        <order>50</order>
        <sys_class_name>sys_variable_value</sys_class_name>
        <sys_created_by>admin</sys_created_by>
        <sys_created_on>2021-10-01 19:50:57</sys_created_on>
        <sys_id>cc52a2ff87363010b05b20af8bbb3596</sys_id>
        <sys_mod_count>0</sys_mod_count>
        <sys_updated_by>admin</sys_updated_by>
        <sys_updated_on>2021-10-01 19:50:57</sys_updated_on>
        <value>x_535856_dept_re_0_request</value>
        <variable display_value="Table">b5d01916c31332002841b63b12d3aec9</variable>
    </sys_variable_value>
    <sys_element_mapping action="delete_multiple" query="id=0852a2ff87363010b05b20af8bbb357c"/>
    <sys_element_mapping action="INSERT_OR_UPDATE">
        <field>record</field>
        <id>0852a2ff87363010b05b20af8bbb357c</id>
        <sys_created_by>admin</sys_created_by>
        <sys_created_on>2021-10-01 19:50:57</sys_created_on>
        <sys_id>8852a2ff87363010b05b20af8bbb3596</sys_id>
        <sys_mod_count>0</sys_mod_count>
        <sys_updated_by>admin</sys_updated_by>
        <sys_updated_on>2021-10-01 19:50:57</sys_updated_on>
        <table>var__m_sys_hub_action_input_f9d01dd2c31332002841b63b12d3aea1</table>
        <value>{{Created_1.current}}</value>
    </sys_element_mapping>
    <sys_element_mapping action="INSERT_OR_UPDATE">
        <field>table_name</field>
        <id>0852a2ff87363010b05b20af8bbb357c</id>
        <sys_created_by>admin</sys_created_by>
        <sys_created_on>2021-10-01 19:50:57</sys_created_on>
        <sys_id>c452a2ff87363010b05b20af8bbb3596</sys_id>
        <sys_mod_count>0</sys_mod_count>
        <sys_updated_by>admin</sys_updated_by>
        <sys_updated_on>2021-10-01 19:50:57</sys_updated_on>
        <table>var__m_sys_hub_action_input_f9d01dd2c31332002841b63b12d3aea1</table>
        <value/>
    </sys_element_mapping>
    <sys_element_mapping action="INSERT_OR_UPDATE">
        <field>values</field>
        <id>0852a2ff87363010b05b20af8bbb357c</id>
        <sys_created_by>admin</sys_created_by>
        <sys_created_on>2021-10-01 19:50:57</sys_created_on>
        <sys_id>4c52a2ff87363010b05b20af8bbb3596</sys_id>
        <sys_mod_count>0</sys_mod_count>
        <sys_updated_by>admin</sys_updated_by>
        <sys_updated_on>2021-10-01 19:50:57</sys_updated_on>
        <table>var__m_sys_hub_action_input_f9d01dd2c31332002841b63b12d3aea1</table>
        <value>state=2^assignment_group={{Created_1.current.type.fulfillment_group}}</value>
    </sys_element_mapping>
    <sys_hub_action_instance action="INSERT_OR_UPDATE">
        <action_inputs/>
        <action_inputs/>
        <action_type display_value="Ask For Approval">f8f2e9920b10030085c083eb37673abd</action_type>
        <action_type_parent display_value="Ask For Approval">bae0a1120b10030085c083eb37673a92</action_type_parent>
        <comment/>
        <compiled_snapshot>f8f2e9920b10030085c083eb37673abd</compiled_snapshot>
        <display_text/>
        <flow display_value="Request approval">ef4222ff87363010b05b20af8bbb35af</flow>
        <order>1</order>
        <parent_ui_id/>
        <sys_class_name>sys_hub_action_instance</sys_class_name>
        <sys_created_by>admin</sys_created_by>
        <sys_created_on>2021-10-01 19:50:57</sys_created_on>
        <sys_id>bf42a2ff87363010b05b20af8bbb3573</sys_id>
        <sys_mod_count>2</sys_mod_count>
        <sys_scope display_value="Dept Request">9cf99af787363010b05b20af8bbb358d</sys_scope>
        <sys_updated_by>admin</sys_updated_by>
        <sys_updated_on>2021-10-01 19:50:57</sys_updated_on>
        <ui_id>43b912b5-a903-4021-ad9a-d742365327fb</ui_id>
    </sys_hub_action_instance>
    <sys_variable_value action="delete_multiple" query="document_key=bf42a2ff87363010b05b20af8bbb3573"/>
    <sys_variable_value action="INSERT_OR_UPDATE">
        <document>sys_hub_action_instance</document>
        <document_key>bf42a2ff87363010b05b20af8bbb3573</document_key>
        <order>5</order>
        <sys_class_name>sys_variable_value</sys_class_name>
        <sys_created_by>admin</sys_created_by>
        <sys_created_on>2021-10-01 19:50:57</sys_created_on>
        <sys_id>3f42a2ff87363010b05b20af8bbb3576</sys_id>
        <sys_mod_count>0</sys_mod_count>
        <sys_updated_by>admin</sys_updated_by>
        <sys_updated_on>2021-10-01 19:50:57</sys_updated_on>
        <value/>
        <variable display_value="Due Date">c5f2e9920b10030085c083eb37673af9</variable>
    </sys_variable_value>
    <sys_variable_value action="INSERT_OR_UPDATE">
        <document>sys_hub_action_instance</document>
        <document_key>bf42a2ff87363010b05b20af8bbb3573</document_key>
        <order>3</order>
        <sys_class_name>sys_variable_value</sys_class_name>
        <sys_created_by>admin</sys_created_by>
        <sys_created_on>2021-10-01 19:50:57</sys_created_on>
        <sys_id>7b42a2ff87363010b05b20af8bbb3576</sys_id>
        <sys_mod_count>0</sys_mod_count>
        <sys_updated_by>admin</sys_updated_by>
        <sys_updated_on>2021-10-01 19:50:57</sys_updated_on>
        <value>approval_history</value>
        <variable display_value="Journal Field">c1f2e9920b10030085c083eb37673ae3</variable>
    </sys_variable_value>
    <sys_variable_value action="INSERT_OR_UPDATE">
        <document>sys_hub_action_instance</document>
        <document_key>bf42a2ff87363010b05b20af8bbb3573</document_key>
        <order>2</order>
        <sys_class_name>sys_variable_value</sys_class_name>
        <sys_created_by>admin</sys_created_by>
        <sys_created_on>2021-10-01 19:50:57</sys_created_on>
        <sys_id>b742a2ff87363010b05b20af8bbb3576</sys_id>
        <sys_mod_count>0</sys_mod_count>
        <sys_updated_by>admin</sys_updated_by>
        <sys_updated_on>2021-10-01 19:50:57</sys_updated_on>
        <value>approval</value>
        <variable display_value="Approval Field">01f2e9920b10030085c083eb37673ad8</variable>
    </sys_variable_value>
    <sys_variable_value action="INSERT_OR_UPDATE">
        <document>sys_hub_action_instance</document>
        <document_key>bf42a2ff87363010b05b20af8bbb3573</document_key>
        <order>1</order>
        <sys_class_name>sys_variable_value</sys_class_name>
        <sys_created_by>admin</sys_created_by>
        <sys_created_on>2021-10-01 19:50:57</sys_created_on>
        <sys_id>ff42a2ff87363010b05b20af8bbb3576</sys_id>
        <sys_mod_count>0</sys_mod_count>
        <sys_updated_by>admin</sys_updated_by>
        <sys_updated_on>2021-10-01 19:50:57</sys_updated_on>
        <value>x_535856_dept_re_0_request</value>
        <variable display_value="Table">bcf2e9920b10030085c083eb37673acc</variable>
    </sys_variable_value>
    <sys_element_mapping action="delete_multiple" query="id=bf42a2ff87363010b05b20af8bbb3573"/>
    <sys_element_mapping action="INSERT_OR_UPDATE">
        <field>approval_conditions</field>
        <id>bf42a2ff87363010b05b20af8bbb3573</id>
        <sys_created_by>admin</sys_created_by>
        <sys_created_on>2021-10-01 19:50:57</sys_created_on>
        <sys_id>7342a2ff87363010b05b20af8bbb3576</sys_id>
        <sys_mod_count>0</sys_mod_count>
        <sys_updated_by>admin</sys_updated_by>
        <sys_updated_on>2021-10-01 19:50:57</sys_updated_on>
        <table>var__m_sys_hub_action_input_f8f2e9920b10030085c083eb37673abd</table>
        <value>ApprovesAnyG[{{Created_1.current.type.approval_group}}]OrRejectsAnyG[{{Created_1.current.type.approval_group}}]</value>
    </sys_element_mapping>
    <sys_element_mapping action="INSERT_OR_UPDATE">
        <field>approval_field</field>
        <id>bf42a2ff87363010b05b20af8bbb3573</id>
        <sys_created_by>admin</sys_created_by>
        <sys_created_on>2021-10-01 19:50:57</sys_created_on>
        <sys_id>7742a2ff87363010b05b20af8bbb3575</sys_id>
        <sys_mod_count>0</sys_mod_count>
        <sys_updated_by>admin</sys_updated_by>
        <sys_updated_on>2021-10-01 19:50:57</sys_updated_on>
        <table>var__m_sys_hub_action_input_f8f2e9920b10030085c083eb37673abd</table>
        <value/>
    </sys_element_mapping>
    <sys_element_mapping action="INSERT_OR_UPDATE">
        <field>due_date</field>
        <id>bf42a2ff87363010b05b20af8bbb3573</id>
        <sys_created_by>admin</sys_created_by>
        <sys_created_on>2021-10-01 19:50:57</sys_created_on>
        <sys_id>bf42a2ff87363010b05b20af8bbb3575</sys_id>
        <sys_mod_count>0</sys_mod_count>
        <sys_updated_by>admin</sys_updated_by>
        <sys_updated_on>2021-10-01 19:50:57</sys_updated_on>
        <table>var__m_sys_hub_action_input_f8f2e9920b10030085c083eb37673abd</table>
        <value>{"action":"none","date_type":"actual","date":"{{}}","duration":1,"duration_type":"days","schedule":"","schedule_label":""}</value>
    </sys_element_mapping>
    <sys_element_mapping action="INSERT_OR_UPDATE">
        <field>journal_field</field>
        <id>bf42a2ff87363010b05b20af8bbb3573</id>
        <sys_created_by>admin</sys_created_by>
        <sys_created_on>2021-10-01 19:50:57</sys_created_on>
        <sys_id>3b42a2ff87363010b05b20af8bbb3575</sys_id>
        <sys_mod_count>0</sys_mod_count>
        <sys_updated_by>admin</sys_updated_by>
        <sys_updated_on>2021-10-01 19:50:57</sys_updated_on>
        <table>var__m_sys_hub_action_input_f8f2e9920b10030085c083eb37673abd</table>
        <value/>
    </sys_element_mapping>
    <sys_element_mapping action="INSERT_OR_UPDATE">
        <field>record</field>
        <id>bf42a2ff87363010b05b20af8bbb3573</id>
        <sys_created_by>admin</sys_created_by>
        <sys_created_on>2021-10-01 19:50:57</sys_created_on>
        <sys_id>fb42a2ff87363010b05b20af8bbb3575</sys_id>
        <sys_mod_count>0</sys_mod_count>
        <sys_updated_by>admin</sys_updated_by>
        <sys_updated_on>2021-10-01 19:50:57</sys_updated_on>
        <table>var__m_sys_hub_action_input_f8f2e9920b10030085c083eb37673abd</table>
        <value>{{Created_1.current}}</value>
    </sys_element_mapping>
    <sys_element_mapping action="INSERT_OR_UPDATE">
        <field>table</field>
        <id>bf42a2ff87363010b05b20af8bbb3573</id>
        <sys_created_by>admin</sys_created_by>
        <sys_created_on>2021-10-01 19:50:57</sys_created_on>
        <sys_id>3742a2ff87363010b05b20af8bbb3576</sys_id>
        <sys_mod_count>0</sys_mod_count>
        <sys_updated_by>admin</sys_updated_by>
        <sys_updated_on>2021-10-01 19:50:57</sys_updated_on>
        <table>var__m_sys_hub_action_input_f8f2e9920b10030085c083eb37673abd</table>
        <value/>
    </sys_element_mapping>
    <sys_hub_action_instance action="INSERT_OR_UPDATE">
        <action_inputs/>
        <action_inputs/>
        <action_type display_value="Update Record">f9d01dd2c31332002841b63b12d3aea1</action_type>
        <action_type_parent display_value="Update Record">baf174c8c3c232002841b63b12d3aee4</action_type_parent>
        <comment/>
        <compiled_snapshot>f9d01dd2c31332002841b63b12d3aea1</compiled_snapshot>
        <display_text/>
        <flow display_value="Request approval">ef4222ff87363010b05b20af8bbb35af</flow>
        <order>5</order>
        <parent_ui_id>79a1d970-ed99-4793-b175-8da8803b7926</parent_ui_id>
        <sys_class_name>sys_hub_action_instance</sys_class_name>
        <sys_created_by>admin</sys_created_by>
        <sys_created_on>2021-10-01 19:50:57</sys_created_on>
        <sys_id>cc52a2ff87363010b05b20af8bbb359a</sys_id>
        <sys_mod_count>2</sys_mod_count>
        <sys_scope display_value="Dept Request">9cf99af787363010b05b20af8bbb358d</sys_scope>
        <sys_updated_by>admin</sys_updated_by>
        <sys_updated_on>2021-10-01 19:50:57</sys_updated_on>
        <ui_id>b977b921-99a6-4f4f-a448-898baeb17787</ui_id>
    </sys_hub_action_instance>
    <sys_variable_value action="delete_multiple" query="document_key=cc52a2ff87363010b05b20af8bbb359a"/>
    <sys_variable_value action="INSERT_OR_UPDATE">
        <document>sys_hub_action_instance</document>
        <document_key>cc52a2ff87363010b05b20af8bbb359a</document_key>
        <order>100</order>
        <sys_class_name>sys_variable_value</sys_class_name>
        <sys_created_by>admin</sys_created_by>
        <sys_created_on>2021-10-01 19:50:57</sys_created_on>
        <sys_id>0852a2ff87363010b05b20af8bbb359c</sys_id>
        <sys_mod_count>0</sys_mod_count>
        <sys_updated_by>admin</sys_updated_by>
        <sys_updated_on>2021-10-01 19:50:57</sys_updated_on>
        <value>state=4</value>
        <variable display_value="Fields">02d01916c31332002841b63b12d3aeee</variable>
    </sys_variable_value>
    <sys_variable_value action="INSERT_OR_UPDATE">
        <document>sys_hub_action_instance</document>
        <document_key>cc52a2ff87363010b05b20af8bbb359a</document_key>
        <order>50</order>
        <sys_class_name>sys_variable_value</sys_class_name>
        <sys_created_by>admin</sys_created_by>
        <sys_created_on>2021-10-01 19:50:57</sys_created_on>
        <sys_id>c852a2ff87363010b05b20af8bbb359c</sys_id>
        <sys_mod_count>0</sys_mod_count>
        <sys_updated_by>admin</sys_updated_by>
        <sys_updated_on>2021-10-01 19:50:57</sys_updated_on>
        <value>x_535856_dept_re_0_request</value>
        <variable display_value="Table">b5d01916c31332002841b63b12d3aec9</variable>
    </sys_variable_value>
    <sys_element_mapping action="delete_multiple" query="id=cc52a2ff87363010b05b20af8bbb359a"/>
    <sys_element_mapping action="INSERT_OR_UPDATE">
        <field>record</field>
        <id>cc52a2ff87363010b05b20af8bbb359a</id>
        <sys_created_by>admin</sys_created_by>
        <sys_created_on>2021-10-01 19:50:57</sys_created_on>
        <sys_id>c052a2ff87363010b05b20af8bbb359c</sys_id>
        <sys_mod_count>0</sys_mod_count>
        <sys_updated_by>admin</sys_updated_by>
        <sys_updated_on>2021-10-01 19:50:57</sys_updated_on>
        <table>var__m_sys_hub_action_input_f9d01dd2c31332002841b63b12d3aea1</table>
        <value>{{Created_1.current}}</value>
    </sys_element_mapping>
    <sys_element_mapping action="INSERT_OR_UPDATE">
        <field>table_name</field>
        <id>cc52a2ff87363010b05b20af8bbb359a</id>
        <sys_created_by>admin</sys_created_by>
        <sys_created_on>2021-10-01 19:50:57</sys_created_on>
        <sys_id>0052a2ff87363010b05b20af8bbb359c</sys_id>
        <sys_mod_count>0</sys_mod_count>
        <sys_updated_by>admin</sys_updated_by>
        <sys_updated_on>2021-10-01 19:50:57</sys_updated_on>
        <table>var__m_sys_hub_action_input_f9d01dd2c31332002841b63b12d3aea1</table>
        <value/>
    </sys_element_mapping>
    <sys_element_mapping action="INSERT_OR_UPDATE">
        <field>values</field>
        <id>cc52a2ff87363010b05b20af8bbb359a</id>
        <sys_created_by>admin</sys_created_by>
        <sys_created_on>2021-10-01 19:50:57</sys_created_on>
        <sys_id>8452a2ff87363010b05b20af8bbb359c</sys_id>
        <sys_mod_count>0</sys_mod_count>
        <sys_updated_by>admin</sys_updated_by>
        <sys_updated_on>2021-10-01 19:50:57</sys_updated_on>
        <table>var__m_sys_hub_action_input_f9d01dd2c31332002841b63b12d3aea1</table>
        <value/>
    </sys_element_mapping>
    <sys_hub_flow_logic action="delete_multiple" query="flow=ef4222ff87363010b05b20af8bbb35af^sys_idNOT IN3b42a2ff87363010b05b20af8bbb3566,f742a2ff87363010b05b20af8bbb356a"/>
    <sys_hub_flow_logic action="INSERT_OR_UPDATE">
        <block display_value="">3d42eebf87363010b05b20af8bbb357b</block>
        <comment/>
        <connected_to/>
        <decision_table/>
        <decision_table_inputs/>
        <display_text/>
        <extended_inputs/>
        <flow display_value="Request approval">ef4222ff87363010b05b20af8bbb35af</flow>
        <flow_variable/>
        <flow_variables_assigned/>
        <inputs/>
        <inputs/>
        <logic_definition display_value="If">af4e1945c3e232002841b63b12d3ae3e</logic_definition>
        <order>2</order>
        <outputs_assigned/>
        <outputs_to_assign/>
        <parent_ui_id/>
        <sys_class_name>sys_hub_flow_logic</sys_class_name>
        <sys_created_by>admin</sys_created_by>
        <sys_created_on>2021-10-01 19:50:57</sys_created_on>
        <sys_id>3b42a2ff87363010b05b20af8bbb3566</sys_id>
        <sys_mod_count>1</sys_mod_count>
        <sys_scope/>
        <sys_updated_by>admin</sys_updated_by>
        <sys_updated_on>2021-10-01 19:50:57</sys_updated_on>
        <ui_id>bab5bad1-e550-461a-8507-1e273b735adf</ui_id>
        <workflow_inputs/>
        <workflow_reference/>
    </sys_hub_flow_logic>
    <sys_variable_value action="delete_multiple" query="document_key=3b42a2ff87363010b05b20af8bbb3566"/>
    <sys_element_mapping action="delete_multiple" query="id=3b42a2ff87363010b05b20af8bbb3566"/>
    <sys_element_mapping action="INSERT_OR_UPDATE">
        <field>condition</field>
        <id>3b42a2ff87363010b05b20af8bbb3566</id>
        <sys_created_by>admin</sys_created_by>
        <sys_created_on>2021-10-01 19:50:57</sys_created_on>
        <sys_id>7f42a2ff87363010b05b20af8bbb3569</sys_id>
        <sys_mod_count>0</sys_mod_count>
        <sys_updated_by>admin</sys_updated_by>
        <sys_updated_on>2021-10-01 19:50:57</sys_updated_on>
        <table>var__m_sys_hub_flow_logic_input_af4e1945c3e232002841b63b12d3ae3e</table>
        <value>{{43b912b5-a903-4021-ad9a-d742365327fb.approval_state}}=approved</value>
    </sys_element_mapping>
    <sys_hub_flow_logic action="INSERT_OR_UPDATE">
        <block display_value="">3d42eebf87363010b05b20af8bbb3586</block>
        <comment/>
        <connected_to>bab5bad1-e550-461a-8507-1e273b735adf</connected_to>
        <decision_table/>
        <decision_table_inputs/>
        <display_text/>
        <extended_inputs/>
        <flow display_value="Request approval">ef4222ff87363010b05b20af8bbb35af</flow>
        <flow_variable/>
        <flow_variables_assigned/>
        <inputs/>
        <logic_definition display_value="Else">1f781bf3c32232002841b63b12d3aee6</logic_definition>
        <order>4</order>
        <outputs_assigned/>
        <outputs_to_assign/>
        <parent_ui_id/>
        <sys_class_name>sys_hub_flow_logic</sys_class_name>
        <sys_created_by>admin</sys_created_by>
        <sys_created_on>2021-10-01 19:50:57</sys_created_on>
        <sys_id>f742a2ff87363010b05b20af8bbb356a</sys_id>
        <sys_mod_count>1</sys_mod_count>
        <sys_scope/>
        <sys_updated_by>admin</sys_updated_by>
        <sys_updated_on>2021-10-01 19:50:57</sys_updated_on>
        <ui_id>79a1d970-ed99-4793-b175-8da8803b7926</ui_id>
        <workflow_inputs/>
        <workflow_reference/>
    </sys_hub_flow_logic>
    <sys_variable_value action="delete_multiple" query="document_key=f742a2ff87363010b05b20af8bbb356a"/>
    <sys_documentation action="delete_multiple" query="name=var__m_sys_hub_flow_input_ef4222ff87363010b05b20af8bbb35af^sys_idNOT IN7342a2ff87363010b05b20af8bbb3556,7f42a2ff87363010b05b20af8bbb355f"/>
    <sys_documentation action="INSERT_OR_UPDATE">
        <element>current</element>
        <help/>
        <hint/>
        <label>Record</label>
        <language>en</language>
        <name>var__m_sys_hub_flow_input_ef4222ff87363010b05b20af8bbb35af</name>
        <plural/>
        <sys_class_name>sys_documentation</sys_class_name>
        <sys_created_by>admin</sys_created_by>
        <sys_created_on>2021-10-01 19:50:57</sys_created_on>
        <sys_id>7342a2ff87363010b05b20af8bbb3556</sys_id>
        <sys_mod_count>0</sys_mod_count>
        <sys_name/>
        <sys_package display_value="Dept Request" source="x_535856_dept_re_0">9cf99af787363010b05b20af8bbb358d</sys_package>
        <sys_policy/>
        <sys_scope display_value="Dept Request">9cf99af787363010b05b20af8bbb358d</sys_scope>
        <sys_update_name/>
        <sys_updated_by>admin</sys_updated_by>
        <sys_updated_on>2021-10-01 19:50:57</sys_updated_on>
        <url/>
        <url_target/>
    </sys_documentation>
    <sys_documentation action="INSERT_OR_UPDATE">
        <element>table_name</element>
        <help/>
        <hint/>
        <label>Table Name</label>
        <language>en</language>
        <name>var__m_sys_hub_flow_input_ef4222ff87363010b05b20af8bbb35af</name>
        <plural/>
        <sys_class_name>sys_documentation</sys_class_name>
        <sys_created_by>admin</sys_created_by>
        <sys_created_on>2021-10-01 19:50:57</sys_created_on>
        <sys_id>7f42a2ff87363010b05b20af8bbb355f</sys_id>
        <sys_mod_count>0</sys_mod_count>
        <sys_name/>
        <sys_package display_value="Dept Request" source="x_535856_dept_re_0">9cf99af787363010b05b20af8bbb358d</sys_package>
        <sys_policy/>
        <sys_scope display_value="Dept Request">9cf99af787363010b05b20af8bbb358d</sys_scope>
        <sys_update_name/>
        <sys_updated_by>admin</sys_updated_by>
        <sys_updated_on>2021-10-01 19:50:57</sys_updated_on>
        <url/>
        <url_target/>
    </sys_documentation>
    <sys_hub_flow action="update">
        <sys_id>c871a2bf87363010b05b20af8bbb35c3</sys_id>
        <latest_snapshot>ef4222ff87363010b05b20af8bbb35af</latest_snapshot>
    </sys_hub_flow>
</record_update>
