<?xml version="1.0" encoding="UTF-8"?><record_update table="sys_security_acl_role">
    <sys_security_acl_role action="INSERT_OR_UPDATE">
        <sys_class_name>sys_security_acl_role</sys_class_name>
        <sys_created_by>admin</sys_created_by>
        <sys_created_on>2021-10-01 19:56:01</sys_created_on>
        <sys_id>0e73a63387763010b05b20af8bbb3533</sys_id>
        <sys_mod_count>0</sys_mod_count>
        <sys_name>x_535856_dept_re_0_request.x_535856_dept_re_0.Fulfiller</sys_name>
        <sys_package display_value="Dept Request" source="x_535856_dept_re_0">9cf99af787363010b05b20af8bbb358d</sys_package>
        <sys_policy/>
        <sys_scope display_value="Dept Request">9cf99af787363010b05b20af8bbb358d</sys_scope>
        <sys_security_acl display_value="x_535856_dept_re_0_request">c273a63387763010b05b20af8bbb3531</sys_security_acl>
        <sys_update_name>sys_security_acl_role_0e73a63387763010b05b20af8bbb3533</sys_update_name>
        <sys_updated_by>admin</sys_updated_by>
        <sys_updated_on>2021-10-01 19:56:01</sys_updated_on>
        <sys_user_role display_value="x_535856_dept_re_0.Fulfiller" name="x_535856_dept_re_0.Fulfiller">c673a63387763010b05b20af8bbb351e</sys_user_role>
        <transaction_id/>
    </sys_security_acl_role>
</record_update>
