<?xml version="1.0" encoding="UTF-8"?><record_update table="sys_ux_app_route">
    <sys_ux_app_route action="INSERT_OR_UPDATE">
        <app_config display_value="Dept Request Config">05202e3f02363010ca9a97599140bec0</app_config>
        <description/>
        <fields>table</fields>
        <icon/>
        <name>Simple List</name>
        <optional_parameters>listTitle,query,disableInlineEditing</optional_parameters>
        <order>0</order>
        <parent_macroponent display_value="Agent Workspace App Shell">c276387cc331101080d6d3658940ddd2</parent_macroponent>
        <parent_macroponent_composition_element_id/>
        <route_type>simplelist</route_type>
        <screen_type display_value="Simple List">45202e3f7c363010ea33de7b54d549c1</screen_type>
        <sys_class_name>sys_ux_app_route</sys_class_name>
        <sys_created_by>admin</sys_created_by>
        <sys_created_on>2021-10-01 19:41:29</sys_created_on>
        <sys_id>85202e3f7b363010239277337eba01c1</sys_id>
        <sys_mod_count>0</sys_mod_count>
        <sys_name>Simple List</sys_name>
        <sys_package display_value="Dept Request" source="x_535856_dept_re_0">9cf99af787363010b05b20af8bbb358d</sys_package>
        <sys_policy/>
        <sys_scope display_value="Dept Request">9cf99af787363010b05b20af8bbb358d</sys_scope>
        <sys_update_name>sys_ux_app_route_85202e3f7b363010239277337eba01c1</sys_update_name>
        <sys_updated_by>admin</sys_updated_by>
        <sys_updated_on>2021-10-01 19:41:29</sys_updated_on>
    </sys_ux_app_route>
    <sys_translated_text action="delete_multiple" query="documentkey=85202e3f7b363010239277337eba01c1"/>
</record_update>
