<?xml version="1.0" encoding="UTF-8"?><record_update table="sys_transform_map">
    <sys_transform_map action="INSERT_OR_UPDATE">
        <active>true</active>
        <copy_empty_fields>false</copy_empty_fields>
        <create_new_record_on_empty_coalesce_fields>false</create_new_record_on_empty_coalesce_fields>
        <enforce_mandatory_fields>No</enforce_mandatory_fields>
        <name>x_535856_dept_re_0_type_transform_map</name>
        <order>100</order>
        <run_business_rules>false</run_business_rules>
        <run_script>false</run_script>
        <script><![CDATA[(function transformRow(source, target, map, log, isUpdate) {

	// Add your code here

})(source, target, map, log, action==="update");]]></script>
        <source_table>x_535856_dept_re_0_1633115825839</source_table>
        <sys_class_name>sys_transform_map</sys_class_name>
        <sys_created_by>admin</sys_created_by>
        <sys_created_on>2021-10-01 19:18:10</sys_created_on>
        <sys_id>73cadaf787363010b05b20af8bbb35cf</sys_id>
        <sys_mod_count>0</sys_mod_count>
        <sys_name>x_535856_dept_re_0_type_transform_map</sys_name>
        <sys_package display_value="Dept Request" source="x_535856_dept_re_0">9cf99af787363010b05b20af8bbb358d</sys_package>
        <sys_policy/>
        <sys_scope display_value="Dept Request">9cf99af787363010b05b20af8bbb358d</sys_scope>
        <sys_update_name>sys_transform_map_73cadaf787363010b05b20af8bbb35cf</sys_update_name>
        <sys_updated_by>admin</sys_updated_by>
        <sys_updated_on>2021-10-01 19:18:10</sys_updated_on>
        <target_table>x_535856_dept_re_0_type</target_table>
    </sys_transform_map>
</record_update>
