<?xml version="1.0" encoding="UTF-8"?><record_update table="sys_security_acl">
    <sys_security_acl action="INSERT_OR_UPDATE">
        <active>true</active>
        <admin_overrides>true</admin_overrides>
        <advanced>false</advanced>
        <condition/>
        <description/>
        <name>x_535856_dept_re_0_request</name>
        <operation display_value="delete">delete</operation>
        <script/>
        <sys_class_name>sys_security_acl</sys_class_name>
        <sys_created_by>admin</sys_created_by>
        <sys_created_on>2021-10-01 19:56:34</sys_created_on>
        <sys_id>de932a3387763010b05b20af8bbb3545</sys_id>
        <sys_mod_count>0</sys_mod_count>
        <sys_name>x_535856_dept_re_0_request</sys_name>
        <sys_package display_value="Dept Request" source="x_535856_dept_re_0">9cf99af787363010b05b20af8bbb358d</sys_package>
        <sys_policy/>
        <sys_scope display_value="Dept Request">9cf99af787363010b05b20af8bbb358d</sys_scope>
        <sys_update_name>sys_security_acl_de932a3387763010b05b20af8bbb3545</sys_update_name>
        <sys_updated_by>admin</sys_updated_by>
        <sys_updated_on>2021-10-01 19:56:34</sys_updated_on>
        <type display_value="record">record</type>
    </sys_security_acl>
</record_update>
