<?xml version="1.0" encoding="UTF-8"?><record_update table="sys_number">
    <sys_number action="INSERT_OR_UPDATE">
        <category display_value="" name="x_535856_dept_re_0_request">x_535856_dept_re_0_request</category>
        <maximum_digits>7</maximum_digits>
        <number>1000</number>
        <prefix>DEPTREQ</prefix>
        <sys_class_name>sys_number</sys_class_name>
        <sys_created_by>admin</sys_created_by>
        <sys_created_on>2021-10-01 19:16:34</sys_created_on>
        <sys_id>0c7a523b87363010b05b20af8bbb3586</sys_id>
        <sys_mod_count>0</sys_mod_count>
        <sys_name>DEPTREQ</sys_name>
        <sys_package display_value="Dept Request" source="x_535856_dept_re_0">9cf99af787363010b05b20af8bbb358d</sys_package>
        <sys_policy/>
        <sys_scope display_value="Dept Request">9cf99af787363010b05b20af8bbb358d</sys_scope>
        <sys_update_name>sys_number_0c7a523b87363010b05b20af8bbb3586</sys_update_name>
        <sys_updated_by>admin</sys_updated_by>
        <sys_updated_on>2021-10-01 19:16:34</sys_updated_on>
    </sys_number>
</record_update>
