<?xml version="1.0" encoding="UTF-8"?><record_update sys_domain="global" table="sys_ux_screen">
    <sys_ux_screen action="INSERT_OR_UPDATE">
        <active>true</active>
        <app_config display_value="Dept Request Config">05202e3f02363010ca9a97599140bec0</app_config>
        <description/>
        <event_mappings/>
        <macroponent display_value="Knowledge View">3094297373311010b29f2e46fbf6a7a1</macroponent>
        <macroponent_config>{&#13;
  "label" : "",&#13;
  "bare" : true,&#13;
  "scrollable" : "y",&#13;
  "headerLevel" : "1",&#13;
  "interceptNotifications" : false,&#13;
  "propagateNotifications" : false,&#13;
  "views" : "",&#13;
  "selectedTabIndex" : 0,&#13;
  "table" : "",&#13;
  "sysId" : ""&#13;
}</macroponent_config>
        <name>KB default</name>
        <order>0</order>
        <parent_macroponent display_value="Agent Workspace App Shell">c276387cc331101080d6d3658940ddd2</parent_macroponent>
        <required_translations>[]</required_translations>
        <screen_condition/>
        <screen_type display_value="KB">0d202e3fb736301039ab3635910d4dc1</screen_type>
        <sys_class_name>sys_ux_screen</sys_class_name>
        <sys_created_by>admin</sys_created_by>
        <sys_created_on>2021-10-01 19:41:29</sys_created_on>
        <sys_domain>global</sys_domain>
        <sys_domain_path>/</sys_domain_path>
        <sys_id>81202e3f523630106a0e4d417098d0c3</sys_id>
        <sys_mod_count>0</sys_mod_count>
        <sys_name>KB default</sys_name>
        <sys_overrides/>
        <sys_package display_value="Dept Request" source="x_535856_dept_re_0">9cf99af787363010b05b20af8bbb358d</sys_package>
        <sys_policy/>
        <sys_scope display_value="Dept Request">9cf99af787363010b05b20af8bbb358d</sys_scope>
        <sys_update_name>sys_ux_screen_81202e3f523630106a0e4d417098d0c3</sys_update_name>
        <sys_updated_by>admin</sys_updated_by>
        <sys_updated_on>2021-10-01 19:41:29</sys_updated_on>
    </sys_ux_screen>
    <sys_translated_text action="delete_multiple" query="documentkey=81202e3f523630106a0e4d417098d0c3"/>
</record_update>
