<?xml version="1.0" encoding="UTF-8"?><record_update>
    <sys_ui_list parent="" relationship="" sys_domain="global" table="x_535856_dept_re_0_type" version="2" view="">
        <sys_ui_list_element action="INSERT_OR_UPDATE">
            <average_value>false</average_value>
            <element>name</element>
            <list_id display_value="x_535856_dept_re_0_type" element="NULL" name="x_535856_dept_re_0_type" parent="NULL" relationship="NULL" sys_domain="global" view="Default view">b7fada3b87363010b05b20af8bbb3573</list_id>
            <max_value>false</max_value>
            <min_value>false</min_value>
            <position>0</position>
            <sum>false</sum>
            <sys_created_by>admin</sys_created_by>
            <sys_created_on>2021-10-01 19:18:59</sys_created_on>
            <sys_id>73fada3b87363010b05b20af8bbb3574</sys_id>
            <sys_mod_count>0</sys_mod_count>
            <sys_updated_by>admin</sys_updated_by>
            <sys_updated_on>2021-10-01 19:18:59</sys_updated_on>
        </sys_ui_list_element>
        <sys_ui_list_element action="INSERT_OR_UPDATE">
            <average_value>false</average_value>
            <element>approval_group</element>
            <list_id display_value="x_535856_dept_re_0_type" element="NULL" name="x_535856_dept_re_0_type" parent="NULL" relationship="NULL" sys_domain="global" view="Default view">b7fada3b87363010b05b20af8bbb3573</list_id>
            <max_value>false</max_value>
            <min_value>false</min_value>
            <position>1</position>
            <sum>false</sum>
            <sys_created_by>admin</sys_created_by>
            <sys_created_on>2021-10-01 19:18:59</sys_created_on>
            <sys_id>f3fada3b87363010b05b20af8bbb3574</sys_id>
            <sys_mod_count>0</sys_mod_count>
            <sys_updated_by>admin</sys_updated_by>
            <sys_updated_on>2021-10-01 19:18:59</sys_updated_on>
        </sys_ui_list_element>
        <sys_ui_list_element action="INSERT_OR_UPDATE">
            <average_value>false</average_value>
            <element>fulfillment_group</element>
            <list_id display_value="x_535856_dept_re_0_type" element="NULL" name="x_535856_dept_re_0_type" parent="NULL" relationship="NULL" sys_domain="global" view="Default view">b7fada3b87363010b05b20af8bbb3573</list_id>
            <max_value>false</max_value>
            <min_value>false</min_value>
            <position>2</position>
            <sum>false</sum>
            <sys_created_by>admin</sys_created_by>
            <sys_created_on>2021-10-01 19:18:59</sys_created_on>
            <sys_id>77fada3b87363010b05b20af8bbb3574</sys_id>
            <sys_mod_count>0</sys_mod_count>
            <sys_updated_by>admin</sys_updated_by>
            <sys_updated_on>2021-10-01 19:18:59</sys_updated_on>
        </sys_ui_list_element>
        <sys_ui_list_element action="INSERT_OR_UPDATE">
            <average_value>false</average_value>
            <element>type</element>
            <list_id display_value="x_535856_dept_re_0_type" element="NULL" name="x_535856_dept_re_0_type" parent="NULL" relationship="NULL" sys_domain="global" view="Default view">b7fada3b87363010b05b20af8bbb3573</list_id>
            <max_value>false</max_value>
            <min_value>false</min_value>
            <position>3</position>
            <sum>false</sum>
            <sys_created_by>admin</sys_created_by>
            <sys_created_on>2021-10-01 19:18:59</sys_created_on>
            <sys_id>f7fada3b87363010b05b20af8bbb3574</sys_id>
            <sys_mod_count>0</sys_mod_count>
            <sys_updated_by>admin</sys_updated_by>
            <sys_updated_on>2021-10-01 19:18:59</sys_updated_on>
        </sys_ui_list_element>
        <sys_ui_list action="INSERT_OR_UPDATE">
            <average_value>false</average_value>
            <element/>
            <max_value>false</max_value>
            <min_value>false</min_value>
            <name>x_535856_dept_re_0_type</name>
            <parent/>
            <position/>
            <relationship/>
            <sum>false</sum>
            <sys_class_name>sys_ui_list</sys_class_name>
            <sys_created_by>admin</sys_created_by>
            <sys_created_on>2021-10-01 19:18:59</sys_created_on>
            <sys_domain>global</sys_domain>
            <sys_domain_path>/</sys_domain_path>
            <sys_id>b7fada3b87363010b05b20af8bbb3573</sys_id>
            <sys_mod_count>0</sys_mod_count>
            <sys_name>x_535856_dept_re_0_type</sys_name>
            <sys_package display_value="Dept Request" source="x_535856_dept_re_0">9cf99af787363010b05b20af8bbb358d</sys_package>
            <sys_policy/>
            <sys_scope display_value="Dept Request">9cf99af787363010b05b20af8bbb358d</sys_scope>
            <sys_update_name>sys_ui_list_x_535856_dept_re_0_type_null</sys_update_name>
            <sys_updated_by>admin</sys_updated_by>
            <sys_updated_on>2021-10-01 19:18:59</sys_updated_on>
            <sys_user/>
            <view display_value="Default view" name="NULL">Default view</view>
            <view_name/>
        </sys_ui_list>
    </sys_ui_list>
</record_update>
