<?xml version="1.0" encoding="UTF-8"?><record_update sys_domain="global" table="sys_ux_screen">
    <sys_ux_screen action="INSERT_OR_UPDATE">
        <active>true</active>
        <app_config display_value="Dept Request Config">05202e3f02363010ca9a97599140bec0</app_config>
        <description/>
        <event_mappings/>
        <macroponent display_value="Agent assist">195fd4970f0210107d20409dc4767e0a</macroponent>
        <macroponent_config>{  "isNewRecord" : "@data.gform.nowRecordFormBlob.isNewRecord",  "fields" : "@data.gform.nowRecordFormBlob.fields",  "sysId" : "@data.gform.nowRecordFormBlob.sysId",  "table" : "@data.gform.nowRecordFormBlob.table",  "cxsTableConfig" : "e15061a4b30303002bf182c136a8dc34",  "label" : "",  "bare" : true,  "scrollable" : "y",  "headerLevel" : "1",  "interceptNotifications" : false,  "propagateNotifications" : true}</macroponent_config>
        <name>Agent Assist</name>
        <order>0</order>
        <parent_macroponent display_value="Record">558adc930f0210107d20409dc4767e84</parent_macroponent>
        <required_translations>[]</required_translations>
        <screen_condition/>
        <screen_type display_value="Agent assist tab">d15fd4970f0210107d20409dc4767e08</screen_type>
        <sys_class_name>sys_ux_screen</sys_class_name>
        <sys_created_by>admin</sys_created_by>
        <sys_created_on>2021-10-01 19:41:29</sys_created_on>
        <sys_domain>global</sys_domain>
        <sys_domain_path>/</sys_domain_path>
        <sys_id>05202e3ff8363010b99d80f18251d8c3</sys_id>
        <sys_mod_count>0</sys_mod_count>
        <sys_name>Agent Assist</sys_name>
        <sys_overrides/>
        <sys_package display_value="Dept Request" source="x_535856_dept_re_0">9cf99af787363010b05b20af8bbb358d</sys_package>
        <sys_policy/>
        <sys_scope display_value="Dept Request">9cf99af787363010b05b20af8bbb358d</sys_scope>
        <sys_update_name>sys_ux_screen_05202e3ff8363010b99d80f18251d8c3</sys_update_name>
        <sys_updated_by>admin</sys_updated_by>
        <sys_updated_on>2021-10-01 19:41:29</sys_updated_on>
    </sys_ux_screen>
    <sys_translated_text action="delete_multiple" query="documentkey=05202e3ff8363010b99d80f18251d8c3"/>
</record_update>
