<?xml version="1.0" encoding="UTF-8"?><record_update sys_domain="global" table="sys_ux_list">
    <sys_ux_list action="INSERT_OR_UPDATE">
        <active>true</active>
        <category display_value="Request">e1206e3f87363010b05b20af8bbb3508</category>
        <columns>number,priority,state,assigned_to,short_description,sys_class_name</columns>
        <condition/>
        <configuration display_value="Dept Request_menu_config">a1206e3f87363010b05b20af8bbb3506</configuration>
        <group_by_column/>
        <groups/>
        <list_attributes/>
        <order>50</order>
        <roles/>
        <sys_class_name>sys_ux_list</sys_class_name>
        <sys_created_by>admin</sys_created_by>
        <sys_created_on>2021-10-01 19:41:30</sys_created_on>
        <sys_domain>global</sys_domain>
        <sys_domain_path>/</sys_domain_path>
        <sys_id>ad206e3f87363010b05b20af8bbb350a</sys_id>
        <sys_mod_count>0</sys_mod_count>
        <sys_name>All</sys_name>
        <sys_overrides/>
        <sys_package display_value="Dept Request" source="x_535856_dept_re_0">9cf99af787363010b05b20af8bbb358d</sys_package>
        <sys_policy/>
        <sys_scope display_value="Dept Request">9cf99af787363010b05b20af8bbb358d</sys_scope>
        <sys_update_name>sys_ux_list_ad206e3f87363010b05b20af8bbb350a</sys_update_name>
        <sys_updated_by>admin</sys_updated_by>
        <sys_updated_on>2021-10-01 19:41:30</sys_updated_on>
        <table>x_535856_dept_re_0_request</table>
        <title>All</title>
    </sys_ux_list>
</record_update>
