<?xml version="1.0" encoding="UTF-8"?><record_update table="sys_ux_app_route">
    <sys_ux_app_route action="INSERT_OR_UPDATE">
        <app_config display_value="Dept Request Config">05202e3f02363010ca9a97599140bec0</app_config>
        <description/>
        <fields/>
        <icon>graduation-cap-outline</icon>
        <name>Agent assist</name>
        <optional_parameters/>
        <order>0</order>
        <parent_macroponent display_value="Record">558adc930f0210107d20409dc4767e84</parent_macroponent>
        <parent_macroponent_composition_element_id>contextual_sidebar</parent_macroponent_composition_element_id>
        <route_type>agentassisttab</route_type>
        <screen_type display_value="Agent assist tab">d15fd4970f0210107d20409dc4767e08</screen_type>
        <sys_class_name>sys_ux_app_route</sys_class_name>
        <sys_created_by>admin</sys_created_by>
        <sys_created_on>2021-10-01 19:41:29</sys_created_on>
        <sys_id>05202e3f9c363010de1a8c324665efc1</sys_id>
        <sys_mod_count>0</sys_mod_count>
        <sys_name>Agent assist</sys_name>
        <sys_package display_value="Dept Request" source="x_535856_dept_re_0">9cf99af787363010b05b20af8bbb358d</sys_package>
        <sys_policy/>
        <sys_scope display_value="Dept Request">9cf99af787363010b05b20af8bbb358d</sys_scope>
        <sys_update_name>sys_ux_app_route_05202e3f9c363010de1a8c324665efc1</sys_update_name>
        <sys_updated_by>admin</sys_updated_by>
        <sys_updated_on>2021-10-01 19:41:29</sys_updated_on>
    </sys_ux_app_route>
    <sys_translated_text action="delete_multiple" query="documentkey=05202e3f9c363010de1a8c324665efc1"/>
</record_update>
