<?xml version="1.0" encoding="UTF-8"?><record_update sys_domain="global" table="sys_ux_screen">
    <sys_ux_screen action="INSERT_OR_UPDATE">
        <active>true</active>
        <app_config display_value="Dept Request Config">05202e3f02363010ca9a97599140bec0</app_config>
        <description/>
        <event_mappings>[ {
  "eventMappingId" : "ckhffjjisfyaaaabboddhhhmwraaxeeaft",
  "isConfiguration" : false,
  "offRowStorageId" : null,
  "sourceEventApiName" : "x_535856_dept_re_0.NAV_ITEM_SELECTED_RELAY_41202e3f5736301034a92edfaa3580c2",
  "sourceEventDefinition" : {
    "apiName" : "x_535856_dept_re_0.NAV_ITEM_SELECTED_RELAY_41202e3f5736301034a92edfaa3580c2",
    "id" : null,
    "type" : "UXEVENT"
  },
  "sourceEventSysId" : null,
  "targets" : [ {
    "broker" : null,
    "clientScript" : null,
    "declarativeAction" : null,
    "event" : {
      "apiName" : "sn_canvas_core.NAV_ITEM_SELECTED",
      "payload" : {
        "type" : "MAP_CONTAINER",
        "container" : {
          "route" : {
            "type" : "EVENT_PAYLOAD_BINDING",
            "binding" : {
              "address" : [ "route" ]
            }
          },
          "fields" : {
            "type" : "EVENT_PAYLOAD_BINDING",
            "binding" : {
              "address" : [ "fields" ]
            }
          },
          "params" : {
            "type" : "EVENT_PAYLOAD_BINDING",
            "binding" : {
              "address" : [ "params" ]
            }
          },
          "redirect" : {
            "type" : "EVENT_PAYLOAD_BINDING",
            "binding" : {
              "address" : [ "redirect" ]
            }
          },
          "passiveNavigation" : {
            "type" : "EVENT_PAYLOAD_BINDING",
            "binding" : {
              "address" : [ "passiveNavigation" ]
            }
          },
          "title" : {
            "type" : "EVENT_PAYLOAD_BINDING",
            "binding" : {
              "address" : [ "title" ]
            }
          },
          "multiInstField" : {
            "type" : "EVENT_PAYLOAD_BINDING",
            "binding" : {
              "address" : [ "multiInstField" ]
            }
          },
          "targetRoute" : {
            "type" : "EVENT_PAYLOAD_BINDING",
            "binding" : {
              "address" : [ "targetRoute" ]
            }
          },
          "external" : {
            "type" : "EVENT_PAYLOAD_BINDING",
            "binding" : {
              "address" : [ "external" ]
            }
          }
        }
      },
      "sysId" : "8b82bf18e5276c8e423b6e4e0889b463"
    },
    "operation" : null,
    "targetId" : "ckhffjjisfyaaaabbnddhhhmsoffggkjjsjj",
    "type" : "EVENT"
  } ]
} ]</event_mappings>
        <macroponent display_value="Home">41202e3f5736301034a92edfaa3580c2</macroponent>
        <macroponent_config>{
  "label" : "",
  "bare" : true,
  "scrollable" : "none",
  "headerLevel" : "1",
  "interceptNotifications" : false,
  "propagateNotifications" : false
}</macroponent_config>
        <name>Home default</name>
        <order>0</order>
        <parent_macroponent display_value="Agent Workspace App Shell">c276387cc331101080d6d3658940ddd2</parent_macroponent>
        <required_translations>[]</required_translations>
        <screen_condition/>
        <screen_type display_value="Home">01202e3fe93630108c06307a1b1320c1</screen_type>
        <sys_class_name>sys_ux_screen</sys_class_name>
        <sys_created_by>admin</sys_created_by>
        <sys_created_on>2021-10-01 19:41:29</sys_created_on>
        <sys_domain>global</sys_domain>
        <sys_domain_path>/</sys_domain_path>
        <sys_id>cd202e3ff8363010d46862b3174ccac2</sys_id>
        <sys_mod_count>0</sys_mod_count>
        <sys_name>Home default</sys_name>
        <sys_overrides/>
        <sys_package display_value="Dept Request" source="x_535856_dept_re_0">9cf99af787363010b05b20af8bbb358d</sys_package>
        <sys_policy/>
        <sys_scope display_value="Dept Request">9cf99af787363010b05b20af8bbb358d</sys_scope>
        <sys_update_name>sys_ux_screen_cd202e3ff8363010d46862b3174ccac2</sys_update_name>
        <sys_updated_by>admin</sys_updated_by>
        <sys_updated_on>2021-10-01 19:41:29</sys_updated_on>
    </sys_ux_screen>
    <sys_translated_text action="delete_multiple" query="documentkey=cd202e3ff8363010d46862b3174ccac2"/>
</record_update>
