<?xml version="1.0" encoding="UTF-8"?><record_update table="sys_ux_screen_condition">
    <sys_ux_screen_condition action="INSERT_OR_UPDATE">
        <active>true</active>
        <screen display_value="Agent Assist">05202e3ff8363010b99d80f18251d8c3</screen>
        <screen_condition/>
        <script><![CDATA[(function canShowAA(params) {
    return new x_535856_dept_re_0.workspaceStarterExpUtils().checkContextualConfig(params.table);
})(inputProperties);]]></script>
        <scripted_condition>true</scripted_condition>
        <sys_class_name>sys_ux_screen_condition</sys_class_name>
        <sys_created_by>admin</sys_created_by>
        <sys_created_on>2021-10-01 19:41:29</sys_created_on>
        <sys_id>09202e3f773630108d35b47f0a16ccc3</sys_id>
        <sys_mod_count>0</sys_mod_count>
        <sys_name/>
        <sys_package display_value="Dept Request" source="x_535856_dept_re_0">9cf99af787363010b05b20af8bbb358d</sys_package>
        <sys_policy/>
        <sys_scope display_value="Dept Request">9cf99af787363010b05b20af8bbb358d</sys_scope>
        <sys_update_name>sys_ux_screen_condition_09202e3f773630108d35b47f0a16ccc3</sys_update_name>
        <sys_updated_by>admin</sys_updated_by>
        <sys_updated_on>2021-10-01 19:41:29</sys_updated_on>
    </sys_ux_screen_condition>
</record_update>
