<?xml version="1.0" encoding="UTF-8"?><record_update sys_domain="global" table="sys_ux_page_property">
    <sys_ux_page_property action="INSERT_OR_UPDATE">
        <choices/>
        <description>Main Configuration</description>
        <name>chrome_main</name>
        <page display_value="Dept Request">c1202e3f773630101456720dcebbc2c2</page>
        <required_translations/>
        <route/>
        <suffix/>
        <sys_class_name>sys_ux_page_property</sys_class_name>
        <sys_created_by>admin</sys_created_by>
        <sys_created_on>2021-10-01 19:41:29</sys_created_on>
        <sys_domain>global</sys_domain>
        <sys_domain_path>global</sys_domain_path>
        <sys_id>05202e3f453630107eb17f02b240fdc2</sys_id>
        <sys_mod_count>0</sys_mod_count>
        <sys_name>chrome_main</sys_name>
        <sys_package display_value="Dept Request" source="x_535856_dept_re_0">9cf99af787363010b05b20af8bbb358d</sys_package>
        <sys_policy/>
        <sys_scope display_value="Dept Request">9cf99af787363010b05b20af8bbb358d</sys_scope>
        <sys_update_name>sys_ux_page_property_05202e3f453630107eb17f02b240fdc2</sys_update_name>
        <sys_updated_by>admin</sys_updated_by>
        <sys_updated_on>2021-10-01 19:41:29</sys_updated_on>
        <type>json</type>
        <unique_name>x_535856_dept_re_0.c1202e3f773630101456720dcebbc2c2.root.chrome_main</unique_name>
        <value>{&#13;
  "maxCachedPageCount": 5,&#13;
  "maxActivePageCount": 3,&#13;
  "timeLeftWarning": 15&#13;
}</value>
    </sys_ux_page_property>
    <sys_translated_text action="delete_multiple" query="documentkey=05202e3f453630107eb17f02b240fdc2"/>
</record_update>
