<?xml version="1.0" encoding="UTF-8"?><record_update table="sys_transform_entry">
    <sys_transform_entry action="INSERT_OR_UPDATE">
        <choice_action>create</choice_action>
        <coalesce>false</coalesce>
        <coalesce_case_sensitive>false</coalesce_case_sensitive>
        <coalesce_empty_fields>false</coalesce_empty_fields>
        <date_format>yyyy-MM-dd HH:mm:ss</date_format>
        <map display_value="x_535856_dept_re_0_type_transform_map">73cadaf787363010b05b20af8bbb35cf</map>
        <reference_value_field/>
        <source_field>u_name</source_field>
        <source_script><![CDATA[answer = (function transformEntry(source) {

	// Add your code here
	return ""; // return the value to be put into the target field

})(source);]]></source_script>
        <source_table>x_535856_dept_re_0_1633115825839</source_table>
        <sys_class_name>sys_transform_entry</sys_class_name>
        <sys_created_by>admin</sys_created_by>
        <sys_created_on>2021-10-01 19:18:10</sys_created_on>
        <sys_id>33cadaf787363010b05b20af8bbb35d2</sys_id>
        <sys_mod_count>0</sys_mod_count>
        <sys_name>u_name</sys_name>
        <sys_package display_value="Dept Request" source="x_535856_dept_re_0">9cf99af787363010b05b20af8bbb358d</sys_package>
        <sys_policy/>
        <sys_scope display_value="Dept Request">9cf99af787363010b05b20af8bbb358d</sys_scope>
        <sys_update_name>sys_transform_entry_33cadaf787363010b05b20af8bbb35d2</sys_update_name>
        <sys_updated_by>admin</sys_updated_by>
        <sys_updated_on>2021-10-01 19:18:10</sys_updated_on>
        <target_field>name</target_field>
        <target_table>x_535856_dept_re_0_type</target_table>
        <use_source_script>false</use_source_script>
    </sys_transform_entry>
</record_update>
