<?xml version="1.0" encoding="UTF-8"?><record_update sys_domain="global" table="sys_ux_page_property">
    <sys_ux_page_property action="INSERT_OR_UPDATE">
        <choices/>
        <description>User Preferences</description>
        <name>chrome_preferences</name>
        <page display_value="Dept Request">c1202e3f773630101456720dcebbc2c2</page>
        <required_translations/>
        <route/>
        <suffix/>
        <sys_class_name>sys_ux_page_property</sys_class_name>
        <sys_created_by>admin</sys_created_by>
        <sys_created_on>2021-10-01 19:41:29</sys_created_on>
        <sys_domain>global</sys_domain>
        <sys_domain_path>global</sys_domain_path>
        <sys_id>09202e3f533630107ee3232c9aeca1c2</sys_id>
        <sys_mod_count>0</sys_mod_count>
        <sys_name>chrome_preferences</sys_name>
        <sys_package display_value="Dept Request" source="x_535856_dept_re_0">9cf99af787363010b05b20af8bbb358d</sys_package>
        <sys_policy/>
        <sys_scope display_value="Dept Request">9cf99af787363010b05b20af8bbb358d</sys_scope>
        <sys_update_name>sys_ux_page_property_09202e3f533630107ee3232c9aeca1c2</sys_update_name>
        <sys_updated_by>admin</sys_updated_by>
        <sys_updated_on>2021-10-01 19:41:29</sys_updated_on>
        <type>json</type>
        <unique_name>x_535856_dept_re_0.c1202e3f773630101456720dcebbc2c2.root.chrome_preferences</unique_name>
        <value>[&#13;
  "workspace.notifications.inbox.desktop",&#13;
  "workspace.notifications.inbox.audio",&#13;
  "workspace.notifications.chat.desktop",&#13;
  "workspace.notifications.chat.audio",&#13;
  "workspace.showRibbon",&#13;
  "workspace.showAgentAssist",&#13;
  "workspace.wrapListText",&#13;
  "workspace.notifications.showPopups",&#13;
  "workspace.notifications.showBadgeCount",&#13;
  "rowcount",&#13;
  "ts.match",&#13;
  "glide.ui.accessibility",&#13;
  "glide.ui.report.accessibility.patterns",&#13;
  "glide.ui.date_format",&#13;
  "list_export.deliveryType",&#13;
  "list_export.orientationType",&#13;
  "list_export.fileType",&#13;
  "list_export.email"&#13;
]</value>
    </sys_ux_page_property>
    <sys_translated_text action="delete_multiple" query="documentkey=09202e3f533630107ee3232c9aeca1c2"/>
</record_update>
