<?xml version="1.0" encoding="UTF-8"?><record_update table="sys_ux_screen_type">
    <sys_ux_screen_type action="INSERT_OR_UPDATE">
        <description/>
        <name>Search</name>
        <sys_class_name>sys_ux_screen_type</sys_class_name>
        <sys_created_by>admin</sys_created_by>
        <sys_created_on>2021-10-01 19:41:29</sys_created_on>
        <sys_id>49202e3f5e3630107d47e3bd36f4efc1</sys_id>
        <sys_mod_count>0</sys_mod_count>
        <sys_name>Search</sys_name>
        <sys_package display_value="Dept Request" source="x_535856_dept_re_0">9cf99af787363010b05b20af8bbb358d</sys_package>
        <sys_policy/>
        <sys_scope display_value="Dept Request">9cf99af787363010b05b20af8bbb358d</sys_scope>
        <sys_update_name>sys_ux_screen_type_49202e3f5e3630107d47e3bd36f4efc1</sys_update_name>
        <sys_updated_by>admin</sys_updated_by>
        <sys_updated_on>2021-10-01 19:41:29</sys_updated_on>
    </sys_ux_screen_type>
    <sys_translated_text action="delete_multiple" query="documentkey=49202e3f5e3630107d47e3bd36f4efc1"/>
</record_update>
