<?xml version="1.0" encoding="UTF-8"?><record_update sys_domain="global" table="sys_hub_flow">
    <sys_hub_flow action="INSERT_OR_UPDATE">
        <access>public</access>
        <acls/>
        <active>true</active>
        <annotation/>
        <callable_by_client_api>false</callable_by_client_api>
        <category/>
        <compiler_build>glide-rome-06-23-2021__patch1-08-26-2021_09-06-2021_0849.zip</compiler_build>
        <copied_from>9a41b6c2ff12101088e94ee9453bf1a4</copied_from>
        <copied_from_name>FlowTemplate_Empty</copied_from_name>
        <description>Send notification email when request is completed</description>
        <internal_name>closed_notification</internal_name>
        <label_cache>[{"name":"Updated_1.current.number","label":"Trigger➛Request Record➛Number","reference":"","reference_display":"Number","type":"string","base_type":"string","parent_table_name":"x_535856_dept_re_0_request","column_name":"number"},{"name":"Updated_1.current.opened_by","label":"Trigger➛Request Record➛Opened by","reference":"sys_user","reference_display":"User","type":"reference","base_type":"reference","parent_table_name":"x_535856_dept_re_0_request","column_name":"opened_by"},{"name":"Updated_1.current","label":"Trigger➛Request Record","reference":"x_535856_dept_re_0_request","reference_display":"Request","type":"reference","base_type":"reference","attributes":{}},{"name":"99cb1296-55a1-4ad5-a4a1-8fde10754224.__dont_treat_as_error__","label":"1➛Don\u0027t Treat as Error","reference_display":"Don\u0027t Treat as Error","type":"boolean","base_type":"boolean","attributes":{"element_mapping_provider":"com.glide.flow_design.action.data.FlowDesignVariableMapper","uiType":"boolean","visible_in_ui":"false","action_error_output":"true"}},{"name":"99cb1296-55a1-4ad5-a4a1-8fde10754224.__action_status__","label":"1➛Action Status","reference_display":"Action Status","type":"object","base_type":"object","attributes":{"co_type_name":"FDACTIONSTATUS","element_mapping_provider":"com.glide.flow_design.action.data.FlowDesignVariableMapper","uiType":"object","action_error_output":"true"}},{"name":"99cb1296-55a1-4ad5-a4a1-8fde10754224.email","label":"1➛email","reference":"sys_email","reference_display":"Email","type":"reference","base_type":"reference","attributes":{"element_mapping_provider":"com.glide.flow_design.action.data.FlowDesignVariableMapper"}}]</label_cache>
        <master_snapshot>bae22eff87363010b05b20af8bbb35b6</master_snapshot>
        <name>Closed notification</name>
        <natlang/>
        <outputs/>
        <remote_trigger_id>8fe26eff87363010b05b20af8bbb352d</remote_trigger_id>
        <run_as>user</run_as>
        <run_with_roles/>
        <sc_callable>false</sc_callable>
        <show_draft_actions>false</show_draft_actions>
        <show_triggered_flows>false</show_triggered_flows>
        <status>published</status>
        <sys_class_name>sys_hub_flow</sys_class_name>
        <sys_created_by>admin</sys_created_by>
        <sys_created_on>2021-10-01 19:51:34</sys_created_on>
        <sys_domain>global</sys_domain>
        <sys_domain_path>/</sys_domain_path>
        <sys_id>347266ff87363010b05b20af8bbb3589</sys_id>
        <sys_mod_count>5</sys_mod_count>
        <sys_name>Closed notification</sys_name>
        <sys_overrides/>
        <sys_package display_value="Dept Request" source="x_535856_dept_re_0">9cf99af787363010b05b20af8bbb358d</sys_package>
        <sys_policy/>
        <sys_scope display_value="Dept Request">9cf99af787363010b05b20af8bbb358d</sys_scope>
        <sys_update_name>sys_hub_flow_347266ff87363010b05b20af8bbb3589</sys_update_name>
        <sys_updated_by>admin</sys_updated_by>
        <sys_updated_on>2021-10-01 19:53:38</sys_updated_on>
        <type>flow</type>
    </sys_hub_flow>
    <sys_translated_text action="delete_multiple" query="documentkey=347266ff87363010b05b20af8bbb3589"/>
    <sys_variable_value action="delete_multiple" query="document_key=347266ff87363010b05b20af8bbb3589"/>
    <sys_flow_record_trigger action="INSERT_OR_UPDATE">
        <active>true</active>
        <condition table="x_535856_dept_re_0_request">stateCHANGESTO3<item display_value="Closed Complete" endquery="false" field="state" goto="false" newquery="false" operator="CHANGESTO" or="false" value="3"/>
        </condition>
        <name/>
        <on_delete>false</on_delete>
        <on_insert>false</on_insert>
        <on_update>true</on_update>
        <run_flow_in>background</run_flow_in>
        <run_on_extended>false</run_on_extended>
        <run_when_setting>both</run_when_setting>
        <run_when_user_list/>
        <run_when_user_setting>any</run_when_user_setting>
        <sys_class_name>sys_flow_record_trigger</sys_class_name>
        <sys_created_by>admin</sys_created_by>
        <sys_created_on>2021-10-01 19:53:37</sys_created_on>
        <sys_domain>global</sys_domain>
        <sys_domain_path>/</sys_domain_path>
        <sys_id>8fe26eff87363010b05b20af8bbb352d</sys_id>
        <sys_mod_count>0</sys_mod_count>
        <sys_overrides/>
        <sys_scope display_value="Dept Request">9cf99af787363010b05b20af8bbb358d</sys_scope>
        <sys_updated_by>admin</sys_updated_by>
        <sys_updated_on>2021-10-01 19:53:37</sys_updated_on>
        <table>x_535856_dept_re_0_request</table>
    </sys_flow_record_trigger>
    <sys_trigger_runner_mapping action="INSERT_OR_UPDATE">
        <active>true</active>
        <data>{"table":"sys_trigger_runner_mapping","id":"07e26eff87363010b05b20af8bbb352e","name":"trigger_runner","type":"java.util.Collections$UnmodifiableMap"}</data>
        <identifier>347266ff87363010b05b20af8bbb3589</identifier>
        <runner>FDTriggerRunner</runner>
        <sys_created_by>admin</sys_created_by>
        <sys_created_on>2021-10-01 19:53:37</sys_created_on>
        <sys_id>07e26eff87363010b05b20af8bbb352e</sys_id>
        <sys_mod_count>1</sys_mod_count>
        <sys_updated_by>admin</sys_updated_by>
        <sys_updated_on>2021-10-01 19:53:37</sys_updated_on>
        <trigger display_value="">8fe26eff87363010b05b20af8bbb352d</trigger>
    </sys_trigger_runner_mapping>
    <sys_json_chunk action="INSERT_OR_UPDATE">
        <data>H4sIAAAAAAAAAGXLWwqAIBBA0b3MdytwKxGD5fggGUFHLKK99yAo6Pce7ga5MtqYGgYGBaOeZpdTZQPdTc0TYy2UMYYioPrh0wuJBHbXl8T/jpc1r48mRlqE2JA5u9WxEOwH5v2lw4YAAAA=</data>
        <document_id>07e26eff87363010b05b20af8bbb352e</document_id>
        <field>trigger_runner</field>
        <length>144</length>
        <position>0</position>
        <source_table>sys_trigger_runner_mapping</source_table>
        <sys_created_by>admin</sys_created_by>
        <sys_created_on>2021-10-01 19:53:37</sys_created_on>
        <sys_id>cbe26eff87363010b05b20af8bbb352e</sys_id>
    </sys_json_chunk>
    <sys_trigger_runner_mapping action="delete_multiple" query="identifier=347266ff87363010b05b20af8bbb3589^sys_idNOT IN07e26eff87363010b05b20af8bbb352e"/>
    <sys_hub_trigger_instance action="delete_multiple" query="flow=347266ff87363010b05b20af8bbb3589^sys_idNOT INc1e2eaff87363010b05b20af8bbb35d5"/>
    <sys_hub_trigger_instance action="INSERT_OR_UPDATE">
        <comment/>
        <display_text/>
        <flow display_value="Closed notification">347266ff87363010b05b20af8bbb3589</flow>
        <name>Updated</name>
        <remote_sys_id/>
        <sys_created_by>admin</sys_created_by>
        <sys_created_on>2021-10-01 19:53:29</sys_created_on>
        <sys_id>c1e2eaff87363010b05b20af8bbb35d5</sys_id>
        <sys_mod_count>3</sys_mod_count>
        <sys_scope/>
        <sys_updated_by>admin</sys_updated_by>
        <sys_updated_on>2021-10-01 19:53:38</sys_updated_on>
        <trigger_definition display_value="Updated">bb695e60c31322002841b63b12d3aea5</trigger_definition>
        <trigger_inputs/>
        <trigger_outputs/>
        <trigger_type>record_update</trigger_type>
    </sys_hub_trigger_instance>
    <sys_variable_value action="delete_multiple" query="document_key=c1e2eaff87363010b05b20af8bbb35d5"/>
    <sys_variable_value action="INSERT_OR_UPDATE">
        <document>sys_hub_trigger_instance</document>
        <document_key>c1e2eaff87363010b05b20af8bbb35d5</document_key>
        <order>100</order>
        <sys_class_name>sys_variable_value</sys_class_name>
        <sys_created_by>admin</sys_created_by>
        <sys_created_on>2021-10-01 19:53:29</sys_created_on>
        <sys_id>01e2eaff87363010b05b20af8bbb35d6</sys_id>
        <sys_mod_count>0</sys_mod_count>
        <sys_updated_by>admin</sys_updated_by>
        <sys_updated_on>2021-10-01 19:53:29</sys_updated_on>
        <value>stateCHANGESTO3</value>
        <variable display_value="Condition">bb9adea0c31322002841b63b12d3ae67</variable>
    </sys_variable_value>
    <sys_variable_value action="INSERT_OR_UPDATE">
        <document>sys_hub_trigger_instance</document>
        <document_key>c1e2eaff87363010b05b20af8bbb35d5</document_key>
        <order>1</order>
        <sys_class_name>sys_variable_value</sys_class_name>
        <sys_created_by>admin</sys_created_by>
        <sys_created_on>2021-10-01 19:53:29</sys_created_on>
        <sys_id>c1e2eaff87363010b05b20af8bbb35d6</sys_id>
        <sys_mod_count>0</sys_mod_count>
        <sys_updated_by>admin</sys_updated_by>
        <sys_updated_on>2021-10-01 19:53:29</sys_updated_on>
        <value>x_535856_dept_re_0_request</value>
        <variable display_value="Table">1dda12e0c31322002841b63b12d3aea8</variable>
    </sys_variable_value>
    <sys_element_mapping action="delete_multiple" query="table=var__m_sys_hub_trigger_output_bb695e60c31322002841b63b12d3aea5^id=c1e2eaff87363010b05b20af8bbb35d5"/>
    <sys_flow_cat_variable_model action="delete_multiple" query="id=347266ff87363010b05b20af8bbb3589^sys_idNOT INb87266ff87363010b05b20af8bbb358a"/>
    <sys_flow_cat_variable_model action="INSERT_OR_UPDATE">
        <id>347266ff87363010b05b20af8bbb3589</id>
        <name>Closed notification</name>
        <sys_created_by>admin</sys_created_by>
        <sys_created_on>2021-10-01 19:51:34</sys_created_on>
        <sys_id>b87266ff87363010b05b20af8bbb358a</sys_id>
        <sys_mod_count>0</sys_mod_count>
        <sys_scope/>
        <sys_updated_by>admin</sys_updated_by>
        <sys_updated_on>2021-10-01 19:51:34</sys_updated_on>
    </sys_flow_cat_variable_model>
    <sys_hub_flow_input action="delete_multiple" query="model=347266ff87363010b05b20af8bbb3589^sys_idNOT IN09e2eaff87363010b05b20af8bbb35b6,49e2eaff87363010b05b20af8bbb35c8,81e2eaff87363010b05b20af8bbb35ce"/>
    <sys_hub_flow_input action="INSERT_OR_UPDATE">
        <active>true</active>
        <array>false</array>
        <array_denormalized>false</array_denormalized>
        <attributes>element_mapping_provider=com.glide.flow_design.action.data.FlowDesignVariableMapper,uiType=document_id</attributes>
        <audit>false</audit>
        <calculation><![CDATA[(function calculatedFieldValue(current) {

	// Add your code here
	return '';  // return the calculated value

})(current);]]></calculation>
        <choice/>
        <choice_field/>
        <choice_table/>
        <column_label/>
        <comments/>
        <create_roles/>
        <default_value/>
        <defaultsort/>
        <delete_roles/>
        <dependent>table_name</dependent>
        <dependent_on_field>table_name</dependent_on_field>
        <display>false</display>
        <dynamic_creation>false</dynamic_creation>
        <dynamic_creation_script/>
        <dynamic_default_value/>
        <dynamic_ref_qual/>
        <element>current</element>
        <element_reference>false</element_reference>
        <foreign_database/>
        <function_definition/>
        <function_field>false</function_field>
        <help/>
        <hint/>
        <internal_type display_value="">document_id</internal_type>
        <label>Record</label>
        <mandatory>true</mandatory>
        <max_length>200</max_length>
        <model display_value="Closed notification">347266ff87363010b05b20af8bbb3589</model>
        <model_id>347266ff87363010b05b20af8bbb3589</model_id>
        <model_table>sys_hub_flow</model_table>
        <name>var__m_sys_hub_flow_input_347266ff87363010b05b20af8bbb3589</name>
        <next_element/>
        <order>100</order>
        <primary>false</primary>
        <read_only>false</read_only>
        <read_roles/>
        <reference/>
        <reference_cascade_rule/>
        <reference_floats>false</reference_floats>
        <reference_key/>
        <reference_qual/>
        <reference_qual_condition/>
        <reference_type/>
        <sizeclass/>
        <spell_check>false</spell_check>
        <staged>false</staged>
        <sys_class_name>sys_hub_flow_input</sys_class_name>
        <sys_created_by>admin</sys_created_by>
        <sys_created_on>2021-10-01 19:53:29</sys_created_on>
        <sys_id>09e2eaff87363010b05b20af8bbb35b6</sys_id>
        <sys_mod_count>1</sys_mod_count>
        <sys_name/>
        <sys_package/>
        <sys_policy/>
        <sys_scope display_value="Dept Request">9cf99af787363010b05b20af8bbb358d</sys_scope>
        <sys_update_name/>
        <sys_updated_by>admin</sys_updated_by>
        <sys_updated_on>2021-10-01 19:53:37</sys_updated_on>
        <table_reference>false</table_reference>
        <text_index>false</text_index>
        <unique>false</unique>
        <use_dependent_field>true</use_dependent_field>
        <use_dynamic_default>false</use_dynamic_default>
        <use_reference_qualifier>simple</use_reference_qualifier>
        <virtual>false</virtual>
        <widget/>
        <write_roles/>
        <xml_view>false</xml_view>
    </sys_hub_flow_input>
    <sys_hub_flow_input action="INSERT_OR_UPDATE">
        <active>true</active>
        <array>false</array>
        <array_denormalized>false</array_denormalized>
        <attributes>child_label=FDChangeDetails,child_name=FDChangeDetails,child_type=object,child_type_label=Object,co_type_name=FD43e26eff70363010fea58995e07f3633,element_mapping_provider=com.glide.flow_design.action.data.FlowDesignVariableMapper,pwd2droppable=true,uiType=array.object,uiTypeLabel=Array.Object</attributes>
        <audit>false</audit>
        <calculation><![CDATA[(function calculatedFieldValue(current) {

	// Add your code here
	return '';  // return the calculated value

})(current);]]></calculation>
        <choice/>
        <choice_field/>
        <choice_table/>
        <column_label/>
        <comments/>
        <create_roles/>
        <default_value/>
        <defaultsort/>
        <delete_roles/>
        <dependent/>
        <dependent_on_field/>
        <display>false</display>
        <dynamic_creation>false</dynamic_creation>
        <dynamic_creation_script/>
        <dynamic_default_value/>
        <dynamic_ref_qual/>
        <element>changed_fields</element>
        <element_reference>false</element_reference>
        <foreign_database/>
        <function_definition/>
        <function_field>false</function_field>
        <help/>
        <hint/>
        <internal_type display_value="String">string</internal_type>
        <label>Changed Fields</label>
        <mandatory>false</mandatory>
        <max_length>4000</max_length>
        <model display_value="Closed notification">347266ff87363010b05b20af8bbb3589</model>
        <model_id>347266ff87363010b05b20af8bbb3589</model_id>
        <model_table>sys_hub_flow</model_table>
        <name>var__m_sys_hub_flow_input_347266ff87363010b05b20af8bbb3589</name>
        <next_element/>
        <order>100</order>
        <primary>false</primary>
        <read_only>false</read_only>
        <read_roles/>
        <reference/>
        <reference_cascade_rule/>
        <reference_floats>false</reference_floats>
        <reference_key/>
        <reference_qual/>
        <reference_qual_condition/>
        <reference_type/>
        <sizeclass/>
        <spell_check>false</spell_check>
        <staged>false</staged>
        <sys_class_name>sys_hub_flow_input</sys_class_name>
        <sys_created_by>admin</sys_created_by>
        <sys_created_on>2021-10-01 19:53:29</sys_created_on>
        <sys_id>49e2eaff87363010b05b20af8bbb35c8</sys_id>
        <sys_mod_count>2</sys_mod_count>
        <sys_name/>
        <sys_package/>
        <sys_policy/>
        <sys_scope display_value="Dept Request">9cf99af787363010b05b20af8bbb358d</sys_scope>
        <sys_update_name/>
        <sys_updated_by>admin</sys_updated_by>
        <sys_updated_on>2021-10-01 19:53:38</sys_updated_on>
        <table_reference>false</table_reference>
        <text_index>false</text_index>
        <unique>false</unique>
        <use_dependent_field>false</use_dependent_field>
        <use_dynamic_default>false</use_dynamic_default>
        <use_reference_qualifier>simple</use_reference_qualifier>
        <virtual>false</virtual>
        <widget/>
        <write_roles/>
        <xml_view>false</xml_view>
    </sys_hub_flow_input>
    <sys_hub_flow_input action="INSERT_OR_UPDATE">
        <active>true</active>
        <array>false</array>
        <array_denormalized>false</array_denormalized>
        <attributes>element_mapping_provider=com.glide.flow_design.action.data.FlowDesignVariableMapper,test_input_hidden=true,uiType=table_name</attributes>
        <audit>false</audit>
        <calculation><![CDATA[(function calculatedFieldValue(current) {

	// Add your code here
	return '';  // return the calculated value

})(current);]]></calculation>
        <choice/>
        <choice_field/>
        <choice_table/>
        <column_label/>
        <comments/>
        <create_roles/>
        <default_value/>
        <defaultsort/>
        <delete_roles/>
        <dependent/>
        <dependent_on_field/>
        <display>false</display>
        <dynamic_creation>false</dynamic_creation>
        <dynamic_creation_script/>
        <dynamic_default_value/>
        <dynamic_ref_qual/>
        <element>table_name</element>
        <element_reference>false</element_reference>
        <foreign_database/>
        <function_definition/>
        <function_field>false</function_field>
        <help/>
        <hint/>
        <internal_type display_value="">table_name</internal_type>
        <label>Table Name</label>
        <mandatory>false</mandatory>
        <max_length>200</max_length>
        <model display_value="Closed notification">347266ff87363010b05b20af8bbb3589</model>
        <model_id>347266ff87363010b05b20af8bbb3589</model_id>
        <model_table>sys_hub_flow</model_table>
        <name>var__m_sys_hub_flow_input_347266ff87363010b05b20af8bbb3589</name>
        <next_element/>
        <order>101</order>
        <primary>false</primary>
        <read_only>false</read_only>
        <read_roles/>
        <reference/>
        <reference_cascade_rule/>
        <reference_floats>false</reference_floats>
        <reference_key/>
        <reference_qual/>
        <reference_qual_condition/>
        <reference_type/>
        <sizeclass/>
        <spell_check>false</spell_check>
        <staged>false</staged>
        <sys_class_name>sys_hub_flow_input</sys_class_name>
        <sys_created_by>admin</sys_created_by>
        <sys_created_on>2021-10-01 19:53:29</sys_created_on>
        <sys_id>81e2eaff87363010b05b20af8bbb35ce</sys_id>
        <sys_mod_count>1</sys_mod_count>
        <sys_name/>
        <sys_package/>
        <sys_policy/>
        <sys_scope display_value="Dept Request">9cf99af787363010b05b20af8bbb358d</sys_scope>
        <sys_update_name/>
        <sys_updated_by>admin</sys_updated_by>
        <sys_updated_on>2021-10-01 19:53:37</sys_updated_on>
        <table_reference>false</table_reference>
        <text_index>false</text_index>
        <unique>false</unique>
        <use_dependent_field>false</use_dependent_field>
        <use_dynamic_default>false</use_dynamic_default>
        <use_reference_qualifier>simple</use_reference_qualifier>
        <virtual>false</virtual>
        <widget/>
        <write_roles/>
        <xml_view>false</xml_view>
    </sys_hub_flow_input>
    <sys_hub_action_instance action="delete_multiple" query="flow=347266ff87363010b05b20af8bbb3589^sys_idNOT IN4de2eaff87363010b05b20af8bbb35dc"/>
    <sys_hub_action_instance action="INSERT_OR_UPDATE">
        <action_inputs/>
        <action_inputs/>
        <action_type display_value="Send Email">c1806bf4a70323008299b39f087901cb</action_type>
        <action_type_parent/>
        <comment/>
        <compiled_snapshot>c1806bf4a70323008299b39f087901cb</compiled_snapshot>
        <display_text/>
        <flow display_value="Closed notification">347266ff87363010b05b20af8bbb3589</flow>
        <order>1</order>
        <parent_ui_id/>
        <sys_class_name>sys_hub_action_instance</sys_class_name>
        <sys_created_by>admin</sys_created_by>
        <sys_created_on>2021-10-01 19:53:29</sys_created_on>
        <sys_id>4de2eaff87363010b05b20af8bbb35dc</sys_id>
        <sys_mod_count>8</sys_mod_count>
        <sys_scope display_value="Dept Request">9cf99af787363010b05b20af8bbb358d</sys_scope>
        <sys_updated_by>frank.fulfiller</sys_updated_by>
        <sys_updated_on>2021-10-04 14:30:07</sys_updated_on>
        <ui_id>99cb1296-55a1-4ad5-a4a1-8fde10754224</ui_id>
    </sys_hub_action_instance>
    <sys_variable_value action="delete_multiple" query="document_key=4de2eaff87363010b05b20af8bbb35dc"/>
    <sys_variable_value action="INSERT_OR_UPDATE">
        <document>sys_hub_action_instance</document>
        <document_key>4de2eaff87363010b05b20af8bbb35dc</document_key>
        <order>1</order>
        <sys_class_name>sys_variable_value</sys_class_name>
        <sys_created_by>admin</sys_created_by>
        <sys_created_on>2021-10-01 19:53:30</sys_created_on>
        <sys_id>41e2eaff87363010b05b20af8bbb35e0</sys_id>
        <sys_mod_count>0</sys_mod_count>
        <sys_updated_by>admin</sys_updated_by>
        <sys_updated_on>2021-10-01 19:53:30</sys_updated_on>
        <value>x_535856_dept_re_0_request</value>
        <variable display_value="Table">19806bf4a70323008299b39f087901d4</variable>
    </sys_variable_value>
    <sys_variable_value action="INSERT_OR_UPDATE">
        <document>sys_hub_action_instance</document>
        <document_key>4de2eaff87363010b05b20af8bbb35dc</document_key>
        <order>7</order>
        <sys_class_name>sys_variable_value</sys_class_name>
        <sys_created_by>admin</sys_created_by>
        <sys_created_on>2021-10-01 19:53:30</sys_created_on>
        <sys_id>8de2eaff87363010b05b20af8bbb35df</sys_id>
        <sys_mod_count>0</sys_mod_count>
        <sys_updated_by>admin</sys_updated_by>
        <sys_updated_on>2021-10-01 19:53:30</sys_updated_on>
        <value>&lt;p&gt;Your request has been completed. For more information, please visit the employee center.&lt;/p&gt;</value>
        <variable display_value="Body">ad806bf4a70323008299b39f087901f2</variable>
    </sys_variable_value>
    <sys_element_mapping action="delete_multiple" query="id=4de2eaff87363010b05b20af8bbb35dc"/>
    <sys_element_mapping action="INSERT_OR_UPDATE">
        <field>ah_body</field>
        <id>4de2eaff87363010b05b20af8bbb35dc</id>
        <sys_created_by>admin</sys_created_by>
        <sys_created_on>2021-10-01 19:53:30</sys_created_on>
        <sys_id>c1e2eaff87363010b05b20af8bbb35df</sys_id>
        <sys_mod_count>0</sys_mod_count>
        <sys_updated_by>admin</sys_updated_by>
        <sys_updated_on>2021-10-01 19:53:30</sys_updated_on>
        <table>var__m_sys_hub_action_input_c1806bf4a70323008299b39f087901cb</table>
        <value/>
    </sys_element_mapping>
    <sys_element_mapping action="INSERT_OR_UPDATE">
        <field>ah_subject</field>
        <id>4de2eaff87363010b05b20af8bbb35dc</id>
        <sys_created_by>admin</sys_created_by>
        <sys_created_on>2021-10-01 19:53:30</sys_created_on>
        <sys_id>0de2eaff87363010b05b20af8bbb35df</sys_id>
        <sys_mod_count>0</sys_mod_count>
        <sys_updated_by>admin</sys_updated_by>
        <sys_updated_on>2021-10-01 19:53:30</sys_updated_on>
        <table>var__m_sys_hub_action_input_c1806bf4a70323008299b39f087901cb</table>
        <value>Your request {{Updated_1.current.number}} has been completed.</value>
    </sys_element_mapping>
    <sys_element_mapping action="INSERT_OR_UPDATE">
        <field>ah_to</field>
        <id>4de2eaff87363010b05b20af8bbb35dc</id>
        <sys_created_by>admin</sys_created_by>
        <sys_created_on>2021-10-01 19:53:30</sys_created_on>
        <sys_id>01e2eaff87363010b05b20af8bbb35df</sys_id>
        <sys_mod_count>0</sys_mod_count>
        <sys_updated_by>admin</sys_updated_by>
        <sys_updated_on>2021-10-01 19:53:30</sys_updated_on>
        <table>var__m_sys_hub_action_input_c1806bf4a70323008299b39f087901cb</table>
        <value>{{Updated_1.current.opened_by}} </value>
    </sys_element_mapping>
    <sys_element_mapping action="INSERT_OR_UPDATE">
        <field>record</field>
        <id>4de2eaff87363010b05b20af8bbb35dc</id>
        <sys_created_by>admin</sys_created_by>
        <sys_created_on>2021-10-01 19:53:30</sys_created_on>
        <sys_id>85e2eaff87363010b05b20af8bbb35df</sys_id>
        <sys_mod_count>0</sys_mod_count>
        <sys_updated_by>admin</sys_updated_by>
        <sys_updated_on>2021-10-01 19:53:30</sys_updated_on>
        <table>var__m_sys_hub_action_input_c1806bf4a70323008299b39f087901cb</table>
        <value>{{Updated_1.current}}</value>
    </sys_element_mapping>
    <sys_element_mapping action="INSERT_OR_UPDATE">
        <field>table_name</field>
        <id>4de2eaff87363010b05b20af8bbb35dc</id>
        <sys_created_by>admin</sys_created_by>
        <sys_created_on>2021-10-01 19:53:30</sys_created_on>
        <sys_id>49e2eaff87363010b05b20af8bbb35df</sys_id>
        <sys_mod_count>0</sys_mod_count>
        <sys_updated_by>admin</sys_updated_by>
        <sys_updated_on>2021-10-01 19:53:30</sys_updated_on>
        <table>var__m_sys_hub_action_input_c1806bf4a70323008299b39f087901cb</table>
        <value/>
    </sys_element_mapping>
    <sys_documentation action="delete_multiple" query="name=var__m_sys_hub_flow_input_347266ff87363010b05b20af8bbb3589^sys_idNOT IN01e2eaff87363010b05b20af8bbb35d2,0de2eaff87363010b05b20af8bbb35cc,c1e2eaff87363010b05b20af8bbb35c7"/>
    <sys_documentation action="INSERT_OR_UPDATE">
        <element>table_name</element>
        <help/>
        <hint/>
        <label>Table Name</label>
        <language>en</language>
        <name>var__m_sys_hub_flow_input_347266ff87363010b05b20af8bbb3589</name>
        <plural/>
        <sys_class_name>sys_documentation</sys_class_name>
        <sys_created_by>admin</sys_created_by>
        <sys_created_on>2021-10-01 19:53:29</sys_created_on>
        <sys_id>01e2eaff87363010b05b20af8bbb35d2</sys_id>
        <sys_mod_count>0</sys_mod_count>
        <sys_name/>
        <sys_package display_value="Dept Request" source="x_535856_dept_re_0">9cf99af787363010b05b20af8bbb358d</sys_package>
        <sys_policy/>
        <sys_scope display_value="Dept Request">9cf99af787363010b05b20af8bbb358d</sys_scope>
        <sys_update_name/>
        <sys_updated_by>admin</sys_updated_by>
        <sys_updated_on>2021-10-01 19:53:29</sys_updated_on>
        <url/>
        <url_target/>
    </sys_documentation>
    <sys_documentation action="INSERT_OR_UPDATE">
        <element>changed_fields</element>
        <help/>
        <hint/>
        <label>Changed Fields</label>
        <language>en</language>
        <name>var__m_sys_hub_flow_input_347266ff87363010b05b20af8bbb3589</name>
        <plural/>
        <sys_class_name>sys_documentation</sys_class_name>
        <sys_created_by>admin</sys_created_by>
        <sys_created_on>2021-10-01 19:53:29</sys_created_on>
        <sys_id>0de2eaff87363010b05b20af8bbb35cc</sys_id>
        <sys_mod_count>0</sys_mod_count>
        <sys_name/>
        <sys_package display_value="Dept Request" source="x_535856_dept_re_0">9cf99af787363010b05b20af8bbb358d</sys_package>
        <sys_policy/>
        <sys_scope display_value="Dept Request">9cf99af787363010b05b20af8bbb358d</sys_scope>
        <sys_update_name/>
        <sys_updated_by>admin</sys_updated_by>
        <sys_updated_on>2021-10-01 19:53:29</sys_updated_on>
        <url/>
        <url_target/>
    </sys_documentation>
    <sys_documentation action="INSERT_OR_UPDATE">
        <element>current</element>
        <help/>
        <hint/>
        <label>Record</label>
        <language>en</language>
        <name>var__m_sys_hub_flow_input_347266ff87363010b05b20af8bbb3589</name>
        <plural/>
        <sys_class_name>sys_documentation</sys_class_name>
        <sys_created_by>admin</sys_created_by>
        <sys_created_on>2021-10-01 19:53:29</sys_created_on>
        <sys_id>c1e2eaff87363010b05b20af8bbb35c7</sys_id>
        <sys_mod_count>0</sys_mod_count>
        <sys_name/>
        <sys_package display_value="Dept Request" source="x_535856_dept_re_0">9cf99af787363010b05b20af8bbb358d</sys_package>
        <sys_policy/>
        <sys_scope display_value="Dept Request">9cf99af787363010b05b20af8bbb358d</sys_scope>
        <sys_update_name/>
        <sys_updated_by>admin</sys_updated_by>
        <sys_updated_on>2021-10-01 19:53:29</sys_updated_on>
        <url/>
        <url_target/>
    </sys_documentation>
    <sys_flow_trigger_plan action="delete_multiple" query="plan_id=347266ff87363010b05b20af8bbb3589^sys_idNOT INcfe26eff87363010b05b20af8bbb352e"/>
    <sys_flow_trigger_plan action="INSERT_OR_UPDATE">
        <binding_strategy>com.snc.process_flow.engine.binding.OncePerRecord</binding_strategy>
        <plan>{"persistor":{"@class":".ChunkingPlanPersistor","table":"sys_flow_trigger_plan","id":"cfe26eff87363010b05b20af8bbb352e","name":"plan","plan_signature":null}}</plan>
        <plan_id>347266ff87363010b05b20af8bbb3589</plan_id>
        <snapshot>dda5f47c87433010b05b20af8bbb3530</snapshot>
        <sys_created_by>admin</sys_created_by>
        <sys_created_on>2021-10-01 19:53:37</sys_created_on>
        <sys_domain>global</sys_domain>
        <sys_domain_path>/</sys_domain_path>
        <sys_id>cfe26eff87363010b05b20af8bbb352e</sys_id>
        <sys_mod_count>0</sys_mod_count>
        <sys_overrides/>
        <sys_scope/>
        <sys_updated_by>admin</sys_updated_by>
        <sys_updated_on>2021-10-01 19:53:37</sys_updated_on>
        <trigger display_value="">8fe26eff87363010b05b20af8bbb352d</trigger>
    </sys_flow_trigger_plan>
    <sys_hub_flow_snapshot action="INSERT_OR_UPDATE">
        <access>public</access>
        <acls/>
        <active>true</active>
        <annotation/>
        <callable_by_client_api>false</callable_by_client_api>
        <category/>
        <copied_from/>
        <copied_from_name/>
        <description>Send notification email when request is completed</description>
        <internal_name>closed_notification</internal_name>
        <label_cache>[{"name":"Updated_1.current.number","label":"Trigger➛Request Record➛Number","reference":"","reference_display":"Number","type":"string","base_type":"string","parent_table_name":"x_535856_dept_re_0_request","column_name":"number"},{"name":"Updated_1.current.opened_by","label":"Trigger➛Request Record➛Opened by","reference":"sys_user","reference_display":"User","type":"reference","base_type":"reference","parent_table_name":"x_535856_dept_re_0_request","column_name":"opened_by"},{"name":"Updated_1.current","label":"Trigger➛Request Record","reference":"x_535856_dept_re_0_request","reference_display":"Request","type":"reference","base_type":"reference","attributes":{}},{"name":"99cb1296-55a1-4ad5-a4a1-8fde10754224.__dont_treat_as_error__","label":"1➛Don\u0027t Treat as Error","reference_display":"Don\u0027t Treat as Error","type":"boolean","base_type":"boolean","attributes":{"element_mapping_provider":"com.glide.flow_design.action.data.FlowDesignVariableMapper","uiType":"boolean","visible_in_ui":"false","action_error_output":"true"}},{"name":"99cb1296-55a1-4ad5-a4a1-8fde10754224.__action_status__","label":"1➛Action Status","reference_display":"Action Status","type":"object","base_type":"object","attributes":{"co_type_name":"FDACTIONSTATUS","element_mapping_provider":"com.glide.flow_design.action.data.FlowDesignVariableMapper","uiType":"object","action_error_output":"true"}},{"name":"99cb1296-55a1-4ad5-a4a1-8fde10754224.email","label":"1➛email","reference":"sys_email","reference_display":"Email","type":"reference","base_type":"reference","attributes":{"element_mapping_provider":"com.glide.flow_design.action.data.FlowDesignVariableMapper"}}]</label_cache>
        <master>true</master>
        <name>Closed notification</name>
        <natlang/>
        <outputs/>
        <parent_flow display_value="Closed notification">347266ff87363010b05b20af8bbb3589</parent_flow>
        <remote_trigger_id/>
        <run_as>user</run_as>
        <run_with_roles/>
        <sc_callable>false</sc_callable>
        <status>published</status>
        <sys_class_name>sys_hub_flow_snapshot</sys_class_name>
        <sys_created_by>admin</sys_created_by>
        <sys_created_on>2021-10-01 19:53:36</sys_created_on>
        <sys_domain>global</sys_domain>
        <sys_domain_path>/</sys_domain_path>
        <sys_id>bae22eff87363010b05b20af8bbb35b6</sys_id>
        <sys_mod_count>0</sys_mod_count>
        <sys_name/>
        <sys_overrides/>
        <sys_package/>
        <sys_policy/>
        <sys_scope display_value="Dept Request">9cf99af787363010b05b20af8bbb358d</sys_scope>
        <sys_update_name/>
        <sys_updated_by>admin</sys_updated_by>
        <sys_updated_on>2021-10-01 19:53:36</sys_updated_on>
        <type>flow</type>
    </sys_hub_flow_snapshot>
    <sys_translated_text action="delete_multiple" query="documentkey=bae22eff87363010b05b20af8bbb35b6"/>
    <sys_variable_value action="delete_multiple" query="document_key=bae22eff87363010b05b20af8bbb35b6"/>
    <sys_hub_trigger_instance action="delete_multiple" query="flow=bae22eff87363010b05b20af8bbb35b6^sys_idNOT INfee26eff87363010b05b20af8bbb350f"/>
    <sys_hub_trigger_instance action="INSERT_OR_UPDATE">
        <comment/>
        <display_text/>
        <flow display_value="Closed notification">bae22eff87363010b05b20af8bbb35b6</flow>
        <name>Updated</name>
        <remote_sys_id/>
        <sys_created_by>admin</sys_created_by>
        <sys_created_on>2021-10-01 19:53:37</sys_created_on>
        <sys_id>fee26eff87363010b05b20af8bbb350f</sys_id>
        <sys_mod_count>2</sys_mod_count>
        <sys_scope/>
        <sys_updated_by>admin</sys_updated_by>
        <sys_updated_on>2021-10-01 19:53:37</sys_updated_on>
        <trigger_definition display_value="Updated">bb695e60c31322002841b63b12d3aea5</trigger_definition>
        <trigger_inputs/>
        <trigger_outputs/>
        <trigger_type>record_update</trigger_type>
    </sys_hub_trigger_instance>
    <sys_variable_value action="delete_multiple" query="document_key=fee26eff87363010b05b20af8bbb350f"/>
    <sys_variable_value action="INSERT_OR_UPDATE">
        <document>sys_hub_trigger_instance</document>
        <document_key>fee26eff87363010b05b20af8bbb350f</document_key>
        <order>100</order>
        <sys_class_name>sys_variable_value</sys_class_name>
        <sys_created_by>admin</sys_created_by>
        <sys_created_on>2021-10-01 19:53:37</sys_created_on>
        <sys_id>36e26eff87363010b05b20af8bbb3511</sys_id>
        <sys_mod_count>0</sys_mod_count>
        <sys_updated_by>admin</sys_updated_by>
        <sys_updated_on>2021-10-01 19:53:37</sys_updated_on>
        <value>stateCHANGESTO3</value>
        <variable display_value="Condition">bb9adea0c31322002841b63b12d3ae67</variable>
    </sys_variable_value>
    <sys_variable_value action="INSERT_OR_UPDATE">
        <document>sys_hub_trigger_instance</document>
        <document_key>fee26eff87363010b05b20af8bbb350f</document_key>
        <order>1</order>
        <sys_class_name>sys_variable_value</sys_class_name>
        <sys_created_by>admin</sys_created_by>
        <sys_created_on>2021-10-01 19:53:37</sys_created_on>
        <sys_id>f6e26eff87363010b05b20af8bbb3511</sys_id>
        <sys_mod_count>0</sys_mod_count>
        <sys_updated_by>admin</sys_updated_by>
        <sys_updated_on>2021-10-01 19:53:37</sys_updated_on>
        <value>x_535856_dept_re_0_request</value>
        <variable display_value="Table">1dda12e0c31322002841b63b12d3aea8</variable>
    </sys_variable_value>
    <sys_element_mapping action="delete_multiple" query="table=var__m_sys_hub_trigger_output_bb695e60c31322002841b63b12d3aea5^id=fee26eff87363010b05b20af8bbb350f"/>
    <sys_flow_cat_variable_model action="delete_multiple" query="id=bae22eff87363010b05b20af8bbb35b6^sys_idNOT IN36e22eff87363010b05b20af8bbb35b7"/>
    <sys_flow_cat_variable_model action="INSERT_OR_UPDATE">
        <id>bae22eff87363010b05b20af8bbb35b6</id>
        <name>Closed notification</name>
        <sys_created_by>admin</sys_created_by>
        <sys_created_on>2021-10-01 19:53:36</sys_created_on>
        <sys_id>36e22eff87363010b05b20af8bbb35b7</sys_id>
        <sys_mod_count>0</sys_mod_count>
        <sys_scope/>
        <sys_updated_by>admin</sys_updated_by>
        <sys_updated_on>2021-10-01 19:53:36</sys_updated_on>
    </sys_flow_cat_variable_model>
    <sys_hub_flow_input action="delete_multiple" query="model=bae22eff87363010b05b20af8bbb35b6^sys_idNOT IN36e22eff87363010b05b20af8bbb35f8,3ee22eff87363010b05b20af8bbb35e1,f2e22eff87363010b05b20af8bbb35ba"/>
    <sys_hub_flow_input action="INSERT_OR_UPDATE">
        <active>true</active>
        <array>false</array>
        <array_denormalized>false</array_denormalized>
        <attributes>element_mapping_provider=com.glide.flow_design.action.data.FlowDesignVariableMapper,test_input_hidden=true,uiType=table_name,uiTypeLabel=Table Name</attributes>
        <audit>false</audit>
        <calculation><![CDATA[(function calculatedFieldValue(current) {

	// Add your code here
	return '';  // return the calculated value

})(current);]]></calculation>
        <choice/>
        <choice_field/>
        <choice_table/>
        <column_label/>
        <comments/>
        <create_roles/>
        <default_value/>
        <defaultsort/>
        <delete_roles/>
        <dependent/>
        <dependent_on_field/>
        <display>false</display>
        <dynamic_creation>false</dynamic_creation>
        <dynamic_creation_script/>
        <dynamic_default_value/>
        <dynamic_ref_qual/>
        <element>table_name</element>
        <element_reference>false</element_reference>
        <foreign_database/>
        <function_definition/>
        <function_field>false</function_field>
        <help/>
        <hint/>
        <internal_type display_value="">table_name</internal_type>
        <label>Table Name</label>
        <mandatory>false</mandatory>
        <max_length>200</max_length>
        <model display_value="Closed notification">bae22eff87363010b05b20af8bbb35b6</model>
        <model_id>bae22eff87363010b05b20af8bbb35b6</model_id>
        <model_table>sys_hub_flow_snapshot</model_table>
        <name>var__m_sys_hub_flow_input_bae22eff87363010b05b20af8bbb35b6</name>
        <next_element/>
        <order>101</order>
        <primary>false</primary>
        <read_only>false</read_only>
        <read_roles/>
        <reference/>
        <reference_cascade_rule/>
        <reference_floats>false</reference_floats>
        <reference_key/>
        <reference_qual/>
        <reference_qual_condition/>
        <reference_type/>
        <sizeclass/>
        <spell_check>false</spell_check>
        <staged>false</staged>
        <sys_class_name>sys_hub_flow_input</sys_class_name>
        <sys_created_by>admin</sys_created_by>
        <sys_created_on>2021-10-01 19:53:36</sys_created_on>
        <sys_id>36e22eff87363010b05b20af8bbb35f8</sys_id>
        <sys_mod_count>0</sys_mod_count>
        <sys_name/>
        <sys_package/>
        <sys_policy/>
        <sys_scope display_value="Dept Request">9cf99af787363010b05b20af8bbb358d</sys_scope>
        <sys_update_name/>
        <sys_updated_by>admin</sys_updated_by>
        <sys_updated_on>2021-10-01 19:53:36</sys_updated_on>
        <table_reference>false</table_reference>
        <text_index>false</text_index>
        <unique>false</unique>
        <use_dependent_field>false</use_dependent_field>
        <use_dynamic_default>false</use_dynamic_default>
        <use_reference_qualifier>simple</use_reference_qualifier>
        <virtual>false</virtual>
        <widget/>
        <write_roles/>
        <xml_view>false</xml_view>
    </sys_hub_flow_input>
    <sys_hub_flow_input action="INSERT_OR_UPDATE">
        <active>true</active>
        <array>false</array>
        <array_denormalized>false</array_denormalized>
        <attributes>child_label=FDChangeDetails,child_name=FDChangeDetails,child_type=object,child_type_label=Object,co_type_name=FD32e22effd136301049d63b7af6b5bcb8,element_mapping_provider=com.glide.flow_design.action.data.FlowDesignVariableMapper,pwd2droppable=true,uiType=array.object,uiTypeLabel=Array.Object</attributes>
        <audit>false</audit>
        <calculation><![CDATA[(function calculatedFieldValue(current) {

	// Add your code here
	return '';  // return the calculated value

})(current);]]></calculation>
        <choice/>
        <choice_field/>
        <choice_table/>
        <column_label/>
        <comments/>
        <create_roles/>
        <default_value/>
        <defaultsort/>
        <delete_roles/>
        <dependent/>
        <dependent_on_field/>
        <display>false</display>
        <dynamic_creation>false</dynamic_creation>
        <dynamic_creation_script/>
        <dynamic_default_value/>
        <dynamic_ref_qual/>
        <element>changed_fields</element>
        <element_reference>false</element_reference>
        <foreign_database/>
        <function_definition/>
        <function_field>false</function_field>
        <help/>
        <hint/>
        <internal_type display_value="String">string</internal_type>
        <label>Changed Fields</label>
        <mandatory>false</mandatory>
        <max_length>4000</max_length>
        <model display_value="Closed notification">bae22eff87363010b05b20af8bbb35b6</model>
        <model_id>bae22eff87363010b05b20af8bbb35b6</model_id>
        <model_table>sys_hub_flow_snapshot</model_table>
        <name>var__m_sys_hub_flow_input_bae22eff87363010b05b20af8bbb35b6</name>
        <next_element/>
        <order>100</order>
        <primary>false</primary>
        <read_only>false</read_only>
        <read_roles/>
        <reference/>
        <reference_cascade_rule/>
        <reference_floats>false</reference_floats>
        <reference_key/>
        <reference_qual/>
        <reference_qual_condition/>
        <reference_type/>
        <sizeclass/>
        <spell_check>false</spell_check>
        <staged>false</staged>
        <sys_class_name>sys_hub_flow_input</sys_class_name>
        <sys_created_by>admin</sys_created_by>
        <sys_created_on>2021-10-01 19:53:36</sys_created_on>
        <sys_id>3ee22eff87363010b05b20af8bbb35e1</sys_id>
        <sys_mod_count>0</sys_mod_count>
        <sys_name/>
        <sys_package/>
        <sys_policy/>
        <sys_scope display_value="Dept Request">9cf99af787363010b05b20af8bbb358d</sys_scope>
        <sys_update_name/>
        <sys_updated_by>admin</sys_updated_by>
        <sys_updated_on>2021-10-01 19:53:36</sys_updated_on>
        <table_reference>false</table_reference>
        <text_index>false</text_index>
        <unique>false</unique>
        <use_dependent_field>false</use_dependent_field>
        <use_dynamic_default>false</use_dynamic_default>
        <use_reference_qualifier>simple</use_reference_qualifier>
        <virtual>false</virtual>
        <widget/>
        <write_roles/>
        <xml_view>false</xml_view>
    </sys_hub_flow_input>
    <sys_hub_flow_input action="INSERT_OR_UPDATE">
        <active>true</active>
        <array>false</array>
        <array_denormalized>false</array_denormalized>
        <attributes>element_mapping_provider=com.glide.flow_design.action.data.FlowDesignVariableMapper,uiType=document_id,uiTypeLabel=Document ID</attributes>
        <audit>false</audit>
        <calculation><![CDATA[(function calculatedFieldValue(current) {

	// Add your code here
	return '';  // return the calculated value

})(current);]]></calculation>
        <choice/>
        <choice_field/>
        <choice_table/>
        <column_label/>
        <comments/>
        <create_roles/>
        <default_value/>
        <defaultsort/>
        <delete_roles/>
        <dependent>table_name</dependent>
        <dependent_on_field>table_name</dependent_on_field>
        <display>false</display>
        <dynamic_creation>false</dynamic_creation>
        <dynamic_creation_script/>
        <dynamic_default_value/>
        <dynamic_ref_qual/>
        <element>current</element>
        <element_reference>false</element_reference>
        <foreign_database/>
        <function_definition/>
        <function_field>false</function_field>
        <help/>
        <hint/>
        <internal_type display_value="">document_id</internal_type>
        <label>Record</label>
        <mandatory>true</mandatory>
        <max_length>200</max_length>
        <model display_value="Closed notification">bae22eff87363010b05b20af8bbb35b6</model>
        <model_id>bae22eff87363010b05b20af8bbb35b6</model_id>
        <model_table>sys_hub_flow_snapshot</model_table>
        <name>var__m_sys_hub_flow_input_bae22eff87363010b05b20af8bbb35b6</name>
        <next_element/>
        <order>100</order>
        <primary>false</primary>
        <read_only>false</read_only>
        <read_roles/>
        <reference/>
        <reference_cascade_rule/>
        <reference_floats>false</reference_floats>
        <reference_key/>
        <reference_qual/>
        <reference_qual_condition/>
        <reference_type/>
        <sizeclass/>
        <spell_check>false</spell_check>
        <staged>false</staged>
        <sys_class_name>sys_hub_flow_input</sys_class_name>
        <sys_created_by>admin</sys_created_by>
        <sys_created_on>2021-10-01 19:53:36</sys_created_on>
        <sys_id>f2e22eff87363010b05b20af8bbb35ba</sys_id>
        <sys_mod_count>0</sys_mod_count>
        <sys_name/>
        <sys_package/>
        <sys_policy/>
        <sys_scope display_value="Dept Request">9cf99af787363010b05b20af8bbb358d</sys_scope>
        <sys_update_name/>
        <sys_updated_by>admin</sys_updated_by>
        <sys_updated_on>2021-10-01 19:53:36</sys_updated_on>
        <table_reference>false</table_reference>
        <text_index>false</text_index>
        <unique>false</unique>
        <use_dependent_field>true</use_dependent_field>
        <use_dynamic_default>false</use_dynamic_default>
        <use_reference_qualifier>simple</use_reference_qualifier>
        <virtual>false</virtual>
        <widget/>
        <write_roles/>
        <xml_view>false</xml_view>
    </sys_hub_flow_input>
    <sys_hub_action_instance action="delete_multiple" query="flow=bae22eff87363010b05b20af8bbb35b6^sys_idNOT INfee26eff87363010b05b20af8bbb350c"/>
    <sys_hub_action_instance action="INSERT_OR_UPDATE">
        <action_inputs/>
        <action_inputs/>
        <action_type display_value="Send Email">c1806bf4a70323008299b39f087901cb</action_type>
        <action_type_parent display_value="Send Email">98c181d20b100300d97d8bf637673ab5</action_type_parent>
        <comment/>
        <compiled_snapshot>c1806bf4a70323008299b39f087901cb</compiled_snapshot>
        <display_text/>
        <flow display_value="Closed notification">bae22eff87363010b05b20af8bbb35b6</flow>
        <order>1</order>
        <parent_ui_id/>
        <sys_class_name>sys_hub_action_instance</sys_class_name>
        <sys_created_by>admin</sys_created_by>
        <sys_created_on>2021-10-01 19:53:37</sys_created_on>
        <sys_id>fee26eff87363010b05b20af8bbb350c</sys_id>
        <sys_mod_count>2</sys_mod_count>
        <sys_scope display_value="Dept Request">9cf99af787363010b05b20af8bbb358d</sys_scope>
        <sys_updated_by>admin</sys_updated_by>
        <sys_updated_on>2021-10-01 19:53:37</sys_updated_on>
        <ui_id>99cb1296-55a1-4ad5-a4a1-8fde10754224</ui_id>
    </sys_hub_action_instance>
    <sys_variable_value action="delete_multiple" query="document_key=fee26eff87363010b05b20af8bbb350c"/>
    <sys_variable_value action="INSERT_OR_UPDATE">
        <document>sys_hub_action_instance</document>
        <document_key>fee26eff87363010b05b20af8bbb350c</document_key>
        <order>7</order>
        <sys_class_name>sys_variable_value</sys_class_name>
        <sys_created_by>admin</sys_created_by>
        <sys_created_on>2021-10-01 19:53:37</sys_created_on>
        <sys_id>3ae26eff87363010b05b20af8bbb350f</sys_id>
        <sys_mod_count>0</sys_mod_count>
        <sys_updated_by>admin</sys_updated_by>
        <sys_updated_on>2021-10-01 19:53:37</sys_updated_on>
        <value>&lt;p&gt;Your request has been completed. For more information, please visit the employee center.&lt;/p&gt;</value>
        <variable display_value="Body">ad806bf4a70323008299b39f087901f2</variable>
    </sys_variable_value>
    <sys_variable_value action="INSERT_OR_UPDATE">
        <document>sys_hub_action_instance</document>
        <document_key>fee26eff87363010b05b20af8bbb350c</document_key>
        <order>1</order>
        <sys_class_name>sys_variable_value</sys_class_name>
        <sys_created_by>admin</sys_created_by>
        <sys_created_on>2021-10-01 19:53:37</sys_created_on>
        <sys_id>fae26eff87363010b05b20af8bbb350f</sys_id>
        <sys_mod_count>0</sys_mod_count>
        <sys_updated_by>admin</sys_updated_by>
        <sys_updated_on>2021-10-01 19:53:37</sys_updated_on>
        <value>x_535856_dept_re_0_request</value>
        <variable display_value="Table">19806bf4a70323008299b39f087901d4</variable>
    </sys_variable_value>
    <sys_element_mapping action="delete_multiple" query="id=fee26eff87363010b05b20af8bbb350c"/>
    <sys_element_mapping action="INSERT_OR_UPDATE">
        <field>ah_body</field>
        <id>fee26eff87363010b05b20af8bbb350c</id>
        <sys_created_by>admin</sys_created_by>
        <sys_created_on>2021-10-01 19:53:37</sys_created_on>
        <sys_id>7ee26eff87363010b05b20af8bbb350e</sys_id>
        <sys_mod_count>0</sys_mod_count>
        <sys_updated_by>admin</sys_updated_by>
        <sys_updated_on>2021-10-01 19:53:37</sys_updated_on>
        <table>var__m_sys_hub_action_input_c1806bf4a70323008299b39f087901cb</table>
        <value/>
    </sys_element_mapping>
    <sys_element_mapping action="INSERT_OR_UPDATE">
        <field>ah_subject</field>
        <id>fee26eff87363010b05b20af8bbb350c</id>
        <sys_created_by>admin</sys_created_by>
        <sys_created_on>2021-10-01 19:53:37</sys_created_on>
        <sys_id>b6e26eff87363010b05b20af8bbb350f</sys_id>
        <sys_mod_count>0</sys_mod_count>
        <sys_updated_by>admin</sys_updated_by>
        <sys_updated_on>2021-10-01 19:53:37</sys_updated_on>
        <table>var__m_sys_hub_action_input_c1806bf4a70323008299b39f087901cb</table>
        <value>Your request {{Updated_1.current.number}} has been completed.</value>
    </sys_element_mapping>
    <sys_element_mapping action="INSERT_OR_UPDATE">
        <field>ah_to</field>
        <id>fee26eff87363010b05b20af8bbb350c</id>
        <sys_created_by>admin</sys_created_by>
        <sys_created_on>2021-10-01 19:53:37</sys_created_on>
        <sys_id>bae26eff87363010b05b20af8bbb350e</sys_id>
        <sys_mod_count>0</sys_mod_count>
        <sys_updated_by>admin</sys_updated_by>
        <sys_updated_on>2021-10-01 19:53:37</sys_updated_on>
        <table>var__m_sys_hub_action_input_c1806bf4a70323008299b39f087901cb</table>
        <value>{{Updated_1.current.opened_by}} </value>
    </sys_element_mapping>
    <sys_element_mapping action="INSERT_OR_UPDATE">
        <field>record</field>
        <id>fee26eff87363010b05b20af8bbb350c</id>
        <sys_created_by>admin</sys_created_by>
        <sys_created_on>2021-10-01 19:53:37</sys_created_on>
        <sys_id>32e26eff87363010b05b20af8bbb350f</sys_id>
        <sys_mod_count>0</sys_mod_count>
        <sys_updated_by>admin</sys_updated_by>
        <sys_updated_on>2021-10-01 19:53:37</sys_updated_on>
        <table>var__m_sys_hub_action_input_c1806bf4a70323008299b39f087901cb</table>
        <value>{{Updated_1.current}}</value>
    </sys_element_mapping>
    <sys_element_mapping action="INSERT_OR_UPDATE">
        <field>table_name</field>
        <id>fee26eff87363010b05b20af8bbb350c</id>
        <sys_created_by>admin</sys_created_by>
        <sys_created_on>2021-10-01 19:53:37</sys_created_on>
        <sys_id>f2e26eff87363010b05b20af8bbb350f</sys_id>
        <sys_mod_count>0</sys_mod_count>
        <sys_updated_by>admin</sys_updated_by>
        <sys_updated_on>2021-10-01 19:53:37</sys_updated_on>
        <table>var__m_sys_hub_action_input_c1806bf4a70323008299b39f087901cb</table>
        <value/>
    </sys_element_mapping>
    <sys_documentation action="delete_multiple" query="name=var__m_sys_hub_flow_input_bae22eff87363010b05b20af8bbb35b6^sys_idNOT IN36e22eff87363010b05b20af8bbb35f4,3ee22eff87363010b05b20af8bbb35dd,72e22eff87363010b05b20af8bbb35fe"/>
    <sys_documentation action="INSERT_OR_UPDATE">
        <element>changed_fields</element>
        <help/>
        <hint/>
        <label>Changed Fields</label>
        <language>en</language>
        <name>var__m_sys_hub_flow_input_bae22eff87363010b05b20af8bbb35b6</name>
        <plural/>
        <sys_class_name>sys_documentation</sys_class_name>
        <sys_created_by>admin</sys_created_by>
        <sys_created_on>2021-10-01 19:53:36</sys_created_on>
        <sys_id>36e22eff87363010b05b20af8bbb35f4</sys_id>
        <sys_mod_count>0</sys_mod_count>
        <sys_name/>
        <sys_package display_value="Dept Request" source="x_535856_dept_re_0">9cf99af787363010b05b20af8bbb358d</sys_package>
        <sys_policy/>
        <sys_scope display_value="Dept Request">9cf99af787363010b05b20af8bbb358d</sys_scope>
        <sys_update_name/>
        <sys_updated_by>admin</sys_updated_by>
        <sys_updated_on>2021-10-01 19:53:36</sys_updated_on>
        <url/>
        <url_target/>
    </sys_documentation>
    <sys_documentation action="INSERT_OR_UPDATE">
        <element>current</element>
        <help/>
        <hint/>
        <label>Record</label>
        <language>en</language>
        <name>var__m_sys_hub_flow_input_bae22eff87363010b05b20af8bbb35b6</name>
        <plural/>
        <sys_class_name>sys_documentation</sys_class_name>
        <sys_created_by>admin</sys_created_by>
        <sys_created_on>2021-10-01 19:53:36</sys_created_on>
        <sys_id>3ee22eff87363010b05b20af8bbb35dd</sys_id>
        <sys_mod_count>0</sys_mod_count>
        <sys_name/>
        <sys_package display_value="Dept Request" source="x_535856_dept_re_0">9cf99af787363010b05b20af8bbb358d</sys_package>
        <sys_policy/>
        <sys_scope display_value="Dept Request">9cf99af787363010b05b20af8bbb358d</sys_scope>
        <sys_update_name/>
        <sys_updated_by>admin</sys_updated_by>
        <sys_updated_on>2021-10-01 19:53:36</sys_updated_on>
        <url/>
        <url_target/>
    </sys_documentation>
    <sys_documentation action="INSERT_OR_UPDATE">
        <element>table_name</element>
        <help/>
        <hint/>
        <label>Table Name</label>
        <language>en</language>
        <name>var__m_sys_hub_flow_input_bae22eff87363010b05b20af8bbb35b6</name>
        <plural/>
        <sys_class_name>sys_documentation</sys_class_name>
        <sys_created_by>admin</sys_created_by>
        <sys_created_on>2021-10-01 19:53:36</sys_created_on>
        <sys_id>72e22eff87363010b05b20af8bbb35fe</sys_id>
        <sys_mod_count>0</sys_mod_count>
        <sys_name/>
        <sys_package display_value="Dept Request" source="x_535856_dept_re_0">9cf99af787363010b05b20af8bbb358d</sys_package>
        <sys_policy/>
        <sys_scope display_value="Dept Request">9cf99af787363010b05b20af8bbb358d</sys_scope>
        <sys_update_name/>
        <sys_updated_by>admin</sys_updated_by>
        <sys_updated_on>2021-10-01 19:53:36</sys_updated_on>
        <url/>
        <url_target/>
    </sys_documentation>
    <sys_hub_flow action="update">
        <sys_id>347266ff87363010b05b20af8bbb3589</sys_id>
        <latest_snapshot>bae22eff87363010b05b20af8bbb35b6</latest_snapshot>
    </sys_hub_flow>
</record_update>
