<?xml version="1.0" encoding="UTF-8"?><record_update table="sys_ux_app_route">
    <sys_ux_app_route action="INSERT_OR_UPDATE">
        <app_config display_value="Dept Request Config">05202e3f02363010ca9a97599140bec0</app_config>
        <description/>
        <fields/>
        <icon>paperclip-outline</icon>
        <name>Attachment</name>
        <optional_parameters/>
        <order>1</order>
        <parent_macroponent display_value="Record">558adc930f0210107d20409dc4767e84</parent_macroponent>
        <parent_macroponent_composition_element_id>contextual_sidebar</parent_macroponent_composition_element_id>
        <route_type>attachmenttab</route_type>
        <screen_type display_value="Attachment">747828db0f0210107d20409dc4767eb5</screen_type>
        <sys_class_name>sys_ux_app_route</sys_class_name>
        <sys_created_by>admin</sys_created_by>
        <sys_created_on>2021-10-01 19:41:29</sys_created_on>
        <sys_id>8d202e3f2b3630105a67bdadff2be6c0</sys_id>
        <sys_mod_count>0</sys_mod_count>
        <sys_name>Attachment</sys_name>
        <sys_package display_value="Dept Request" source="x_535856_dept_re_0">9cf99af787363010b05b20af8bbb358d</sys_package>
        <sys_policy/>
        <sys_scope display_value="Dept Request">9cf99af787363010b05b20af8bbb358d</sys_scope>
        <sys_update_name>sys_ux_app_route_8d202e3f2b3630105a67bdadff2be6c0</sys_update_name>
        <sys_updated_by>admin</sys_updated_by>
        <sys_updated_on>2021-10-01 19:41:29</sys_updated_on>
    </sys_ux_app_route>
    <sys_translated_text action="delete_multiple" query="documentkey=8d202e3f2b3630105a67bdadff2be6c0"/>
</record_update>
