<?xml version="1.0" encoding="UTF-8"?><record_update table="sys_scope_privilege">
    <sys_scope_privilege action="INSERT_OR_UPDATE">
        <operation>read</operation>
        <source_scope display_value="Dept Request">9cf99af787363010b05b20af8bbb358d</source_scope>
        <status>allowed</status>
        <sys_class_name>sys_scope_privilege</sys_class_name>
        <sys_created_by>frank.fulfiller</sys_created_by>
        <sys_created_on>2021-10-04 14:28:19</sys_created_on>
        <sys_id>5735707c87433010b05b20af8bbb3588</sys_id>
        <sys_mod_count>0</sys_mod_count>
        <sys_name>cxs_table_config</sys_name>
        <sys_package display_value="Dept Request" source="x_535856_dept_re_0">9cf99af787363010b05b20af8bbb358d</sys_package>
        <sys_policy/>
        <sys_scope display_value="Dept Request">9cf99af787363010b05b20af8bbb358d</sys_scope>
        <sys_update_name>sys_scope_privilege_5735707c87433010b05b20af8bbb3588</sys_update_name>
        <sys_updated_by>frank.fulfiller</sys_updated_by>
        <sys_updated_on>2021-10-04 14:28:19</sys_updated_on>
        <target_name>cxs_table_config</target_name>
        <target_scope display_value="Global">global</target_scope>
        <target_type>sys_db_object</target_type>
    </sys_scope_privilege>
</record_update>
