<?xml version="1.0" encoding="UTF-8"?><record_update table="sys_db_object">
    <sys_db_object action="INSERT_OR_UPDATE">
        <access/>
        <actions_access>true</actions_access>
        <alter_access>true</alter_access>
        <caller_access/>
        <client_scripts_access>true</client_scripts_access>
        <configuration_access>false</configuration_access>
        <create_access>true</create_access>
        <create_access_controls>false</create_access_controls>
        <delete_access>false</delete_access>
        <extension_model/>
        <is_extendable>false</is_extendable>
        <label>Request</label>
        <live_feed_enabled>false</live_feed_enabled>
        <name>x_535856_dept_re_0_request</name>
        <number_ref display_value="DEPTREQ">0c7a523b87363010b05b20af8bbb3586</number_ref>
        <provider_class/>
        <read_access>true</read_access>
        <scriptable_table>false</scriptable_table>
        <super_class display_value="Task" name="task">d36ae17a45113010c0a05206e0e0f8ea</super_class>
        <sys_class_code/>
        <sys_class_name>sys_db_object</sys_class_name>
        <sys_class_path/>
        <sys_created_by>admin</sys_created_by>
        <sys_created_on>2021-10-01 19:16:33</sys_created_on>
        <sys_id>8c7a523b87363010b05b20af8bbb3568</sys_id>
        <sys_mod_count>1</sys_mod_count>
        <sys_name>Request</sys_name>
        <sys_package display_value="Dept Request" source="x_535856_dept_re_0">9cf99af787363010b05b20af8bbb358d</sys_package>
        <sys_policy/>
        <sys_scope display_value="Dept Request">9cf99af787363010b05b20af8bbb358d</sys_scope>
        <sys_update_name>sys_db_object_8c7a523b87363010b05b20af8bbb3568</sys_update_name>
        <sys_updated_by>admin</sys_updated_by>
        <sys_updated_on>2021-10-01 19:16:34</sys_updated_on>
        <update_access>true</update_access>
        <user_role/>
        <ws_access>true</ws_access>
    </sys_db_object>
</record_update>
