<?xml version="1.0" encoding="UTF-8"?><record_update table="sys_data_source">
    <sys_data_source action="INSERT_OR_UPDATE">
        <batch_size>1000</batch_size>
        <category/>
        <connection_timeout>0</connection_timeout>
        <connection_url>attachment://sys_data_source:489a5eff87f23010b05b20af8bbb35ff/request types.xlsx</connection_url>
        <connection_url_parameters/>
        <csv_delimiter/>
        <data_in_single_column>false</data_in_single_column>
        <data_loader><![CDATA[(function loadData(import_set_table) {

	// Add your code here to insert data to import_set_table

})(import_set_table);]]></data_loader>
        <database_name/>
        <database_port/>
        <discard_arrays>true</discard_arrays>
        <expand_node_children>false</expand_node_children>
        <file_path>request types.xlsx</file_path>
        <file_retrieval_method>Attachment</file_retrieval_method>
        <format>Excel</format>
        <glide_keystore>false</glide_keystore>
        <header_row>1</header_row>
        <import_set_table_label/>
        <import_set_table_name>x_535856_dept_re_0_1633115825839</import_set_table_name>
        <instance_name/>
        <jdbc_password/>
        <jdbc_server/>
        <jdbc_user_name/>
        <jpath_root_node/>
        <last_run_database_field/>
        <last_run_datetime/>
        <last_success_import_time/>
        <ldap_target/>
        <ldapprobe_result_set_rows>200</ldapprobe_result_set_rows>
        <limit/>
        <maximum_rows/>
        <mid_server/>
        <name>request types.xlsx (Uploaded)</name>
        <offset>0</offset>
        <oracle_port>1521</oracle_port>
        <oracle_sid>orcl</oracle_sid>
        <parsing_script><![CDATA[// The input value can be accessed through the variables named "line", "lineNumber" and "result"// The function uses result variable to return parse result back. (function(line,lineNumber,result) {	// add code here})(line,lineNumber,result);]]></parsing_script>
        <properties/>
        <query>All Rows from Table</query>
        <query_timeout>0</query_timeout>
        <request_action/>
        <scp_authentication>Username and Password</scp_authentication>
        <scp_password/>
        <scp_port/>
        <scp_server/>
        <scp_user_name/>
        <sheet_number>1</sheet_number>
        <sql_statement/>
        <ssh_keyfile_path/>
        <support_pagination>false</support_pagination>
        <sys_class_name>sys_data_source</sys_class_name>
        <sys_created_by>admin</sys_created_by>
        <sys_created_on>2021-10-01 19:17:06</sys_created_on>
        <sys_id>489a5eff87f23010b05b20af8bbb35ff</sys_id>
        <sys_mod_count>1</sys_mod_count>
        <sys_name>request types.xlsx (Uploaded)</sys_name>
        <sys_package display_value="Dept Request" source="x_535856_dept_re_0">9cf99af787363010b05b20af8bbb358d</sys_package>
        <sys_policy/>
        <sys_scope display_value="Dept Request">9cf99af787363010b05b20af8bbb358d</sys_scope>
        <sys_update_name>sys_data_source_489a5eff87f23010b05b20af8bbb35ff</sys_update_name>
        <sys_updated_by>admin</sys_updated_by>
        <sys_updated_on>2021-10-01 19:17:07</sys_updated_on>
        <table_name/>
        <type>File</type>
        <use_batch_import>false</use_batch_import>
        <use_integrated_authentication>false</use_integrated_authentication>
        <use_last_run_datetime>false</use_last_run_datetime>
        <xpath_root_node/>
        <zipped>false</zipped>
    </sys_data_source>
</record_update>
