<?xml version="1.0" encoding="UTF-8"?><record_update table="sc_cat_item_category">
    <sc_cat_item_category action="DELETE">
        <sc_cat_item display_value="Departmental request">a250627f87363010b05b20af8bbb3545</sc_cat_item>
        <sc_category display_value="Can We Help You?">e15706fc0a0a0aa7007fc21e1ab70c2f</sc_category>
        <sys_class_name>sc_cat_item_category</sys_class_name>
        <sys_created_by>admin</sys_created_by>
        <sys_created_on>2021-10-01 19:45:11</sys_created_on>
        <sys_id>a7f0ea7f87363010b05b20af8bbb35b0</sys_id>
        <sys_mod_count>0</sys_mod_count>
        <sys_name>Can We Help You?.Departmental request</sys_name>
        <sys_package display_value="Dept Request" source="x_535856_dept_re_0">9cf99af787363010b05b20af8bbb358d</sys_package>
        <sys_policy/>
        <sys_scope display_value="Dept Request">9cf99af787363010b05b20af8bbb358d</sys_scope>
        <sys_update_name>sc_cat_item_category_a7f0ea7f87363010b05b20af8bbb35b0</sys_update_name>
        <sys_updated_by>admin</sys_updated_by>
        <sys_updated_on>2021-10-01 19:45:11</sys_updated_on>
    </sc_cat_item_category>
    <sys_update_version action="INSERT_OR_UPDATE">
        <action>DELETE</action>
        <application display_value="Dept Request">9cf99af787363010b05b20af8bbb358d</application>
        <file_path/>
        <instance_id>ff0d9886dbebe050ad8dd7c8f49619d8</instance_id>
        <instance_name>dev112105</instance_name>
        <name>sc_cat_item_category_a7f0ea7f87363010b05b20af8bbb35b0</name>
        <payload><![CDATA[<?xml version="1.0" encoding="UTF-8"?><record_update table="sc_cat_item_category"><sc_cat_item_category action="INSERT_OR_UPDATE"><sc_cat_item display_value="Departmental request">a250627f87363010b05b20af8bbb3545</sc_cat_item><sc_category display_value="Can We Help You?">e15706fc0a0a0aa7007fc21e1ab70c2f</sc_category><sys_class_name>sc_cat_item_category</sys_class_name><sys_created_by>admin</sys_created_by><sys_created_on>2021-10-01 19:45:11</sys_created_on><sys_id>a7f0ea7f87363010b05b20af8bbb35b0</sys_id><sys_mod_count>0</sys_mod_count><sys_name>Can We Help You?.Departmental request</sys_name><sys_package display_value="Dept Request" source="x_535856_dept_re_0">9cf99af787363010b05b20af8bbb358d</sys_package><sys_policy/><sys_scope display_value="Dept Request">9cf99af787363010b05b20af8bbb358d</sys_scope><sys_update_name>sc_cat_item_category_a7f0ea7f87363010b05b20af8bbb35b0</sys_update_name><sys_updated_by>admin</sys_updated_by><sys_updated_on>2021-10-01 19:45:11</sys_updated_on></sc_cat_item_category></record_update>]]></payload>
        <payload_hash>-1183231255</payload_hash>
        <record_name>Can We Help You?.Departmental request</record_name>
        <reverted_from/>
        <source>d4f99af787363010b05b20af8bbb3590</source>
        <source_table>sys_update_set</source_table>
        <state>previous</state>
        <sys_created_by>admin</sys_created_by>
        <sys_created_on>2021-10-01 19:45:12</sys_created_on>
        <sys_id>27f0ea7f87363010b05b20af8bbb35bb</sys_id>
        <sys_mod_count>0</sys_mod_count>
        <sys_recorded_at>17c3d63a1930000001</sys_recorded_at>
        <sys_updated_by>admin</sys_updated_by>
        <sys_updated_on>2021-10-01 19:45:12</sys_updated_on>
        <type>Catalog Item Category</type>
        <update_guid>abf0ea7fcc363010dc32a8d19ad59eba</update_guid>
        <update_guid_history>abf0ea7fcc363010dc32a8d19ad59eba:-1183231255</update_guid_history>
    </sys_update_version>
    <sys_metadata_delete action="INSERT_OR_UPDATE">
        <sys_audit_delete display_value="Can We Help You?.Departmental request">5421ae7f87363010b05b20af8bbb350d</sys_audit_delete>
        <sys_class_name>sys_metadata_delete</sys_class_name>
        <sys_created_by>admin</sys_created_by>
        <sys_created_on>2021-10-01 19:45:47</sys_created_on>
        <sys_db_object display_value="" name="sc_cat_item_category">sc_cat_item_category</sys_db_object>
        <sys_id>52fcdfeb4cf544769dc735af365a1244</sys_id>
        <sys_metadata>a7f0ea7f87363010b05b20af8bbb35b0</sys_metadata>
        <sys_mod_count>0</sys_mod_count>
        <sys_name>Can We Help You?.Departmental request</sys_name>
        <sys_package display_value="Dept Request" source="x_535856_dept_re_0">9cf99af787363010b05b20af8bbb358d</sys_package>
        <sys_parent/>
        <sys_policy/>
        <sys_scope display_value="Dept Request">9cf99af787363010b05b20af8bbb358d</sys_scope>
        <sys_scope_delete display_value="">0e23f0f4b2cc496082a4078231566651</sys_scope_delete>
        <sys_update_name>sc_cat_item_category_a7f0ea7f87363010b05b20af8bbb35b0</sys_update_name>
        <sys_update_version display_value="sc_cat_item_category_a7f0ea7f87363010b05b20af8bbb35b0">27f0ea7f87363010b05b20af8bbb35bb</sys_update_version>
        <sys_updated_by>admin</sys_updated_by>
        <sys_updated_on>2021-10-01 19:45:47</sys_updated_on>
    </sys_metadata_delete>
</record_update>
