<?xml version="1.0" encoding="UTF-8"?><record_update sys_domain="global" table="sys_app_module">
    <sys_app_module action="DELETE">
        <active>true</active>
        <application display_value="System Import Sets">import_sets</application>
        <assessment/>
        <device_type/>
        <filter/>
        <hint/>
        <homepage/>
        <image/>
        <link_type>LIST</link_type>
        <map_page/>
        <mobile_title>Dept Re 0 1633115825839</mobile_title>
        <mobile_view_name>Mobile</mobile_view_name>
        <name>x_535856_dept_re_0_1633115825839</name>
        <order>1100</order>
        <override_menu_roles>false</override_menu_roles>
        <query/>
        <report/>
        <roles/>
        <sys_class_name>sys_app_module</sys_class_name>
        <sys_created_by>admin</sys_created_by>
        <sys_created_on>2021-10-01 19:17:07</sys_created_on>
        <sys_domain>global</sys_domain>
        <sys_domain_path>/</sys_domain_path>
        <sys_id>5c9ad23b87363010b05b20af8bbb355b</sys_id>
        <sys_mod_count>0</sys_mod_count>
        <sys_name>Dept Re 0 1633115825839</sys_name>
        <sys_overrides/>
        <sys_package display_value="Dept Request" source="x_535856_dept_re_0">9cf99af787363010b05b20af8bbb358d</sys_package>
        <sys_policy/>
        <sys_scope display_value="Dept Request">9cf99af787363010b05b20af8bbb358d</sys_scope>
        <sys_update_name>sys_app_module_5c9ad23b87363010b05b20af8bbb355b</sys_update_name>
        <sys_updated_by>admin</sys_updated_by>
        <sys_updated_on>2021-10-01 19:17:07</sys_updated_on>
        <timeline_page/>
        <title>Dept Re 0 1633115825839</title>
        <uncancelable>false</uncancelable>
        <view_name/>
        <window_name/>
    </sys_app_module>
    <sys_update_version action="INSERT_OR_UPDATE">
        <action>DELETE</action>
        <application display_value="Dept Request">9cf99af787363010b05b20af8bbb358d</application>
        <file_path/>
        <instance_id>ff0d9886dbebe050ad8dd7c8f49619d8</instance_id>
        <instance_name>dev112105</instance_name>
        <name>sys_app_module_5c9ad23b87363010b05b20af8bbb355b</name>
        <payload><![CDATA[<?xml version="1.0" encoding="UTF-8"?><record_update sys_domain="global" table="sys_app_module"><sys_app_module action="INSERT_OR_UPDATE"><active>true</active><application display_value="System Import Sets">import_sets</application><assessment/><device_type/><filter/><hint/><homepage/><image/><link_type>LIST</link_type><map_page/><mobile_title>Dept Re 0 1633115825839</mobile_title><mobile_view_name>Mobile</mobile_view_name><name>x_535856_dept_re_0_1633115825839</name><order>1100</order><override_menu_roles>false</override_menu_roles><query/><report/><roles/><sys_class_name>sys_app_module</sys_class_name><sys_created_by>admin</sys_created_by><sys_created_on>2021-10-01 19:17:07</sys_created_on><sys_domain>global</sys_domain><sys_domain_path>/</sys_domain_path><sys_id>5c9ad23b87363010b05b20af8bbb355b</sys_id><sys_mod_count>0</sys_mod_count><sys_name>Dept Re 0 1633115825839</sys_name><sys_overrides/><sys_package display_value="Dept Request" source="x_535856_dept_re_0">9cf99af787363010b05b20af8bbb358d</sys_package><sys_policy/><sys_scope display_value="Dept Request">9cf99af787363010b05b20af8bbb358d</sys_scope><sys_update_name>sys_app_module_5c9ad23b87363010b05b20af8bbb355b</sys_update_name><sys_updated_by>admin</sys_updated_by><sys_updated_on>2021-10-01 19:17:07</sys_updated_on><timeline_page/><title>Dept Re 0 1633115825839</title><uncancelable>false</uncancelable><view_name/><window_name/></sys_app_module></record_update>]]></payload>
        <payload_hash>-1391922440</payload_hash>
        <record_name>Dept Re 0 1633115825839</record_name>
        <reverted_from/>
        <source>d4f99af787363010b05b20af8bbb3590</source>
        <source_table>sys_update_set</source_table>
        <state>previous</state>
        <sys_created_by>admin</sys_created_by>
        <sys_created_on>2021-10-01 19:17:07</sys_created_on>
        <sys_id>dc9ad23b87363010b05b20af8bbb355e</sys_id>
        <sys_mod_count>0</sys_mod_count>
        <sys_recorded_at>17c3d49ed920000001</sys_recorded_at>
        <sys_updated_by>admin</sys_updated_by>
        <sys_updated_on>2021-10-01 19:17:07</sys_updated_on>
        <type>Module</type>
        <update_guid>189ad23b693630108848de025446385e</update_guid>
        <update_guid_history>189ad23b693630108848de025446385e:-1391922440</update_guid_history>
    </sys_update_version>
    <sys_metadata_delete action="INSERT_OR_UPDATE">
        <sys_audit_delete display_value="Dept Re 0 1633115825839">e0da1a3b87363010b05b20af8bbb3546</sys_audit_delete>
        <sys_class_name>sys_metadata_delete</sys_class_name>
        <sys_created_by>admin</sys_created_by>
        <sys_created_on>2021-10-01 19:18:13</sys_created_on>
        <sys_db_object display_value="" name="sys_app_module">sys_app_module</sys_db_object>
        <sys_id>9ed15bc5252a450290eb854f66c50d79</sys_id>
        <sys_metadata>5c9ad23b87363010b05b20af8bbb355b</sys_metadata>
        <sys_mod_count>0</sys_mod_count>
        <sys_name>Dept Re 0 1633115825839</sys_name>
        <sys_package display_value="Dept Request" source="x_535856_dept_re_0">9cf99af787363010b05b20af8bbb358d</sys_package>
        <sys_parent/>
        <sys_policy/>
        <sys_scope display_value="Dept Request">9cf99af787363010b05b20af8bbb358d</sys_scope>
        <sys_scope_delete display_value="">0e23f0f4b2cc496082a4078231566651</sys_scope_delete>
        <sys_update_name>sys_app_module_5c9ad23b87363010b05b20af8bbb355b</sys_update_name>
        <sys_update_version display_value="sys_app_module_5c9ad23b87363010b05b20af8bbb355b">dc9ad23b87363010b05b20af8bbb355e</sys_update_version>
        <sys_updated_by>admin</sys_updated_by>
        <sys_updated_on>2021-10-01 19:18:13</sys_updated_on>
    </sys_metadata_delete>
</record_update>
