<?xml version="1.0" encoding="UTF-8"?><record_update table="sys_db_object">
    <sys_db_object action="DELETE">
        <access/>
        <actions_access>false</actions_access>
        <alter_access>false</alter_access>
        <caller_access/>
        <client_scripts_access>false</client_scripts_access>
        <configuration_access>false</configuration_access>
        <create_access>false</create_access>
        <create_access_controls>false</create_access_controls>
        <delete_access>false</delete_access>
        <extension_model/>
        <is_extendable>false</is_extendable>
        <label>Dept Re 0 1633115825839</label>
        <live_feed_enabled>false</live_feed_enabled>
        <name>x_535856_dept_re_0_1633115825839</name>
        <number_ref/>
        <provider_class/>
        <read_access>true</read_access>
        <scriptable_table>false</scriptable_table>
        <super_class display_value="Import Set Row" name="sys_import_set_row">280a25f245113010c0a05206e0e0f899</super_class>
        <sys_class_code/>
        <sys_class_name>sys_db_object</sys_class_name>
        <sys_class_path/>
        <sys_created_by>admin</sys_created_by>
        <sys_created_on>2021-10-01 19:17:06</sys_created_on>
        <sys_id>409ad23b87363010b05b20af8bbb3532</sys_id>
        <sys_mod_count>0</sys_mod_count>
        <sys_name>Dept Re 0 1633115825839</sys_name>
        <sys_package display_value="Dept Request" source="x_535856_dept_re_0">9cf99af787363010b05b20af8bbb358d</sys_package>
        <sys_policy/>
        <sys_scope display_value="Dept Request">9cf99af787363010b05b20af8bbb358d</sys_scope>
        <sys_update_name>sys_db_object_409ad23b87363010b05b20af8bbb3532</sys_update_name>
        <sys_updated_by>admin</sys_updated_by>
        <sys_updated_on>2021-10-01 19:17:06</sys_updated_on>
        <update_access>false</update_access>
        <user_role/>
        <ws_access>true</ws_access>
    </sys_db_object>
    <sys_update_version action="INSERT_OR_UPDATE">
        <action>DELETE</action>
        <application display_value="Dept Request">9cf99af787363010b05b20af8bbb358d</application>
        <file_path/>
        <instance_id>ff0d9886dbebe050ad8dd7c8f49619d8</instance_id>
        <instance_name>dev112105</instance_name>
        <name>sys_db_object_409ad23b87363010b05b20af8bbb3532</name>
        <payload><![CDATA[<?xml version="1.0" encoding="UTF-8"?><record_update table="sys_db_object"><sys_db_object action="INSERT_OR_UPDATE"><access/><actions_access>false</actions_access><alter_access>false</alter_access><caller_access/><client_scripts_access>false</client_scripts_access><configuration_access>false</configuration_access><create_access>false</create_access><create_access_controls>false</create_access_controls><delete_access>false</delete_access><extension_model/><is_extendable>false</is_extendable><label>Dept Re 0 1633115825839</label><live_feed_enabled>false</live_feed_enabled><name>x_535856_dept_re_0_1633115825839</name><number_ref/><provider_class/><read_access>true</read_access><scriptable_table>false</scriptable_table><super_class display_value="Import Set Row" name="sys_import_set_row">280a25f245113010c0a05206e0e0f899</super_class><sys_class_code/><sys_class_name>sys_db_object</sys_class_name><sys_class_path/><sys_created_by>admin</sys_created_by><sys_created_on>2021-10-01 19:17:06</sys_created_on><sys_id>409ad23b87363010b05b20af8bbb3532</sys_id><sys_mod_count>0</sys_mod_count><sys_name>Dept Re 0 1633115825839</sys_name><sys_package display_value="Dept Request" source="x_535856_dept_re_0">9cf99af787363010b05b20af8bbb358d</sys_package><sys_policy/><sys_scope display_value="Dept Request">9cf99af787363010b05b20af8bbb358d</sys_scope><sys_update_name>sys_db_object_409ad23b87363010b05b20af8bbb3532</sys_update_name><sys_updated_by>admin</sys_updated_by><sys_updated_on>2021-10-01 19:17:06</sys_updated_on><update_access>false</update_access><user_role/><ws_access>true</ws_access></sys_db_object></record_update>]]></payload>
        <payload_hash>1527189337</payload_hash>
        <record_name>Dept Re 0 1633115825839</record_name>
        <reverted_from/>
        <source>d4f99af787363010b05b20af8bbb3590</source>
        <source_table>sys_update_set</source_table>
        <state>previous</state>
        <sys_created_by>admin</sys_created_by>
        <sys_created_on>2021-10-01 19:17:06</sys_created_on>
        <sys_id>849ad23b87363010b05b20af8bbb354b</sys_id>
        <sys_mod_count>0</sys_mod_count>
        <sys_recorded_at>17c3d49eb120000001</sys_recorded_at>
        <sys_updated_by>admin</sys_updated_by>
        <sys_updated_on>2021-10-01 19:17:06</sys_updated_on>
        <type>Table</type>
        <update_guid>009ad23b6e36301004d66ee20595a84b</update_guid>
        <update_guid_history>009ad23b6e36301004d66ee20595a84b:1527189337</update_guid_history>
    </sys_update_version>
    <sys_metadata_delete action="INSERT_OR_UPDATE">
        <sys_audit_delete/>
        <sys_class_name>sys_metadata_delete</sys_class_name>
        <sys_created_by>admin</sys_created_by>
        <sys_created_on>2021-10-01 19:18:13</sys_created_on>
        <sys_db_object display_value="" name="sys_db_object">sys_db_object</sys_db_object>
        <sys_id>462bed7e00d9431396500438130267e9</sys_id>
        <sys_metadata>409ad23b87363010b05b20af8bbb3532</sys_metadata>
        <sys_mod_count>0</sys_mod_count>
        <sys_name>Dept Re 0 1633115825839</sys_name>
        <sys_package display_value="Dept Request" source="x_535856_dept_re_0">9cf99af787363010b05b20af8bbb358d</sys_package>
        <sys_parent/>
        <sys_policy/>
        <sys_scope display_value="Dept Request">9cf99af787363010b05b20af8bbb358d</sys_scope>
        <sys_scope_delete display_value="">0e23f0f4b2cc496082a4078231566651</sys_scope_delete>
        <sys_update_name>sys_db_object_409ad23b87363010b05b20af8bbb3532</sys_update_name>
        <sys_update_version display_value="sys_db_object_409ad23b87363010b05b20af8bbb3532">849ad23b87363010b05b20af8bbb354b</sys_update_version>
        <sys_updated_by>admin</sys_updated_by>
        <sys_updated_on>2021-10-01 19:18:13</sys_updated_on>
    </sys_metadata_delete>
</record_update>
